//이벤트 아이디는 인덱스 번호이며 중복 불가이다. 최소 레벨과 최대 레벨은 드랍할 몬스터의 레벨 구간이다.,,,,,,,,,,,
//영구적으로 드랍할 아이템은 종료시간을 3000-01-01 12:00 으로 설정하면 된다.,,,,,,,,,,,
// 나머지 내용은 propDropMonsterName의 설명을 참조.,,,,,,,,,,,
//이벤트 ID,최소 레벨,최대 레벨,시작 시간,종료 시간,대표 확률 이름,대표 확률10000,아이템ID,확률10000,아이템 드랍 개수최소,아이템 드랍 개수최대,퀘스트ID
//dwEventID,dwLevelMin,dwLevelMax,szStartDate,szEndDate,szMainProbName,dwMainProb,dwItemID,dwProb,dwItemCountMin,dwItemCountMax,nQuestID
1,10,20,2010-03-03 10:00,3000-01-01 12:00,-,-,-,-,-,-,-
-,-,-,-,-,WEAPON,1,-,-,-,-,-
-,-,-,-,-,-,-,II_WEA_SWO_BOBOKU,5000,1,1,-
-,-,-,-,-,-,-,II_WEA_AXE_LUDA,5000,1,1,-
2,20,25,2010-03-03 10:00,3000-01-01 12:00,-,-,-,-,-,-,-
-,-,-,-,-,WEAPON,1,-,-,-,-,-
-,-,-,-,-,-,-,II_WEA_SWO_FALL,3333,1,1,-
-,-,-,-,-,-,-,II_WEA_AXE_FALL,3333,1,1,-
-,-,-,-,-,-,-,II_WEA_KNU_FALL,3334,1,1,-
3,20,34,2010-03-03 10:00,3000-01-01 12:00,-,-,-,-,-,-,-
-,-,-,-,-,WEAPON,2,-,-,-,-,-
-,-,-,-,-,-,-,II_WEA_YOY_YOY15,2000,1,1,-
-,-,-,-,-,-,-,II_WEA_BOW_BOW15,2000,1,1,-
-,-,-,-,-,-,-,II_WEA_CHEE_CHE15,2000,1,1,-
-,-,-,-,-,-,-,II_WEA_WAN_WAN15,2000,1,1,-
-,-,-,-,-,-,-,II_WEA_STA_STA15,2000,1,1,-
4,35,49,2010-03-03 10:00,3000-01-01 12:00,-,-,-,-,-,-,-
-,-,-,-,-,WEAPON,3,-,-,-,-,-
-,-,-,-,-,-,-,II_WEA_SWO_SWD30,1250,1,1,-
-,-,-,-,-,-,-,II_WEA_AXE_AXE30,1250,1,1,-
-,-,-,-,-,-,-,II_WEA_KNU_KNU30,1250,1,1,-
-,-,-,-,-,-,-,II_WEA_YOY_YOY30,1250,1,1,-
-,-,-,-,-,-,-,II_WEA_BOW_BOW30,1250,1,1,-
-,-,-,-,-,-,-,II_WEA_CHEE_CHE30,1250,1,1,-
-,-,-,-,-,-,-,II_WEA_WAN_WAN30,1250,1,1,-
-,-,-,-,-,-,-,II_WEA_STA_STA30,1250,1,1,-
5,50,64,2010-03-03 10:00,3000-01-01 12:00,-,-,-,-,-,-,-
-,-,-,-,-,WEAPON,2,-,-,-,-,-
-,-,-,-,-,-,-,II_WEA_SWO_SWD45,1250,1,1,-
-,-,-,-,-,-,-,II_WEA_AXE_AXE45,1250,1,1,-
-,-,-,-,-,-,-,II_WEA_KNU_KNU45,1250,1,1,-
-,-,-,-,-,-,-,II_WEA_YOY_YOY45,1250,1,1,-
-,-,-,-,-,-,-,II_WEA_BOW_BOW45,1250,1,1,-
-,-,-,-,-,-,-,II_WEA_CHEE_CHE45,1250,1,1,-
-,-,-,-,-,-,-,II_WEA_WAN_WAN45,1250,1,1,-
-,-,-,-,-,-,-,II_WEA_STA_STA45,1250,1,1,-
6,5,14,2010-03-03 10:00,3000-01-01 12:00,-,-,-,-,-,-,-
-,-,-,-,-,ARMOR,7,-,-,-,-,-
-,-,-,-,-,-,-,II_ARM_ARM_SHI_LIGHT,10000,1,1,-
7,15,29,2010-03-03 10:00,3000-01-01 12:00,-,-,-,-,-,-,-
-,-,-,-,-,ARMOR,5,-,-,-,-,-
-,-,-,-,-,-,-,II_ARM_ARM_SHI_BATTLE,10000,1,1,-
8,30,42,2010-03-03 10:00,3000-01-01 12:00,-,-,-,-,-,-,-
-,-,-,-,-,ARMOR,1,-,-,-,-,-
-,-,-,-,-,-,-,II_ARM_ARM_SHI_FURY,10000,1,1,-
9,43,59,2010-03-03 10:00,3000-01-01 12:00,-,-,-,-,-,-,-
-,-,-,-,-,ARMOR,1,-,-,-,-,-
-,-,-,-,-,-,-,II_ARM_ARM_SHI_HEAVY,10000,1,1,-
10,60,79,2010-03-03 10:00,3000-01-01 12:00,-,-,-,-,-,-,-
-,-,-,-,-,ARMOR,1,-,-,-,-,-
-,-,-,-,-,-,-,II_ARM_ARM_SHI_AVALON,10000,1,1,-
11,80,110,2010-03-03 10:00,3000-01-01 12:00,-,-,-,-,-,-,-
-,-,-,-,-,ARMOR,1,-,-,-,-,-
-,-,-,-,-,-,-,II_ARM_ARM_SHI_ANCIENT,10000,1,1,-
12,19,30,2010-03-03 10:00,3000-01-01 12:00,-,-,-,-,-,-,-
-,-,-,-,-,WEAPON,44,-,-,-,-,-
-,-,-,-,-,-,-,II_WEA_SWO_KEHIN,1666,1,1,-
-,-,-,-,-,-,-,II_WEA_CHEE_MERYL,1666,1,1,-
-,-,-,-,-,-,-,II_WEA_WAN_NEFUME,1666,1,1,-
-,-,-,-,-,-,-,II_WEA_STA_SHUPRIM,1666,1,1,-
-,-,-,-,-,-,-,II_WEA_KNU_PAZION,1666,1,1,-
-,-,-,-,-,-,-,II_WEA_AXE_GRABBER,1670,1,1,-
13,22,32,2010-03-03 10:00,3000-01-01 12:00,-,-,-,-,-,-,-
-,-,-,-,-,WEAPON,44,-,-,-,-,-
-,-,-,-,-,-,-,II_WEA_SWO_ARKON,1666,1,1,-
-,-,-,-,-,-,-,II_WEA_CHEE_GRIM,1666,1,1,-
-,-,-,-,-,-,-,II_WEA_WAN_DIA,1666,1,1,-
-,-,-,-,-,-,-,II_WEA_STA_VEGA,1666,1,1,-
-,-,-,-,-,-,-,II_WEA_KNU_BABIL,1666,1,1,-
-,-,-,-,-,-,-,II_WEA_AXE_KARHEM,1670,1,1,-
14,28,37,2010-03-03 10:00,3000-01-01 12:00,-,-,-,-,-,-,-
-,-,-,-,-,WEAPON,44,-,-,-,-,-
-,-,-,-,-,-,-,II_WEA_SWO_ZIRKAN,1666,1,1,-
-,-,-,-,-,-,-,II_WEA_CHEE_PAPANG,1666,1,1,-
-,-,-,-,-,-,-,II_WEA_WAN_DAZZLE,1666,1,1,-
-,-,-,-,-,-,-,II_WEA_STA_PAPANEW,1666,1,1,-
-,-,-,-,-,-,-,II_WEA_KNU_PRENIL,1666,1,1,-
-,-,-,-,-,-,-,II_WEA_AXE_CREST,1670,1,1,-
15,38,48,2010-03-03 10:00,3000-01-01 12:00,-,-,-,-,-,-,-
-,-,-,-,-,WEAPON,44,-,-,-,-,-
-,-,-,-,-,-,-,II_WEA_SWO_STRAD,1666,1,1,-
-,-,-,-,-,-,-,II_WEA_CHEE_DAIN,1666,1,1,-
-,-,-,-,-,-,-,II_WEA_WAN_PENY,1666,1,1,-
-,-,-,-,-,-,-,II_WEA_STA_PINSI,1666,1,1,-
-,-,-,-,-,-,-,II_WEA_KNU_SALAMANDER,1666,1,1,-
-,-,-,-,-,-,-,II_WEA_AXE_CANINE,1670,1,1,-
16,43,53,2010-03-03 10:00,3000-01-01 12:00,-,-,-,-,-,-,-
-,-,-,-,-,WEAPON,22,-,-,-,-,-
-,-,-,-,-,-,-,II_WEA_SWO_SIBAK,1666,1,1,-
-,-,-,-,-,-,-,II_WEA_CHEE_SEPHY,1666,1,1,-
-,-,-,-,-,-,-,II_WEA_WAN_SPLHAIL,1666,1,1,-
-,-,-,-,-,-,-,II_WEA_STA_LEAFGALE,1666,1,1,-
-,-,-,-,-,-,-,II_WEA_KNU_GIGATON,1666,1,1,-
-,-,-,-,-,-,-,II_WEA_AXE_CRAWLER,1670,1,1,-
17,49,60,2010-03-03 10:00,3000-01-01 12:00,-,-,-,-,-,-,-
-,-,-,-,-,WEAPON,6,-,-,-,-,-
-,-,-,-,-,-,-,II_WEA_SWO_FLAM,1666,1,1,-
-,-,-,-,-,-,-,II_WEA_CHEE_BAREM,1666,1,1,-
-,-,-,-,-,-,-,II_WEA_WAN_FIRE,1666,1,1,-
-,-,-,-,-,-,-,II_WEA_STA_FLAM,1666,1,1,-
-,-,-,-,-,-,-,II_WEA_KNU_PAIPOL,1666,1,1,-
-,-,-,-,-,-,-,II_WEA_AXE_DRAKHAN,1670,1,1,-
18,61,71,2010-03-03 10:00,3000-01-01 12:00,-,-,-,-,-,-,-
-,-,-,-,-,WEAPON,2,-,-,-,-,-
-,-,-,-,-,-,-,II_WEA_SWO_SPARKLING,1666,1,1,-
-,-,-,-,-,-,-,II_WEA_CHEE_HYPER,1666,1,1,-
-,-,-,-,-,-,-,II_WEA_WAN_RUNE,1666,1,1,-
-,-,-,-,-,-,-,II_WEA_STA_SEGE,1666,1,1,-
-,-,-,-,-,-,-,II_WEA_KNU_ZIKMOON,1666,1,1,-
-,-,-,-,-,-,-,II_WEA_AXE_CRITIN,1670,1,1,-
19,21,40,2010-03-03 10:00,3000-01-01 12:00,-,-,-,-,-,-,-
-,-,-,-,-,ACCESSORY,3,-,-,-,-,-
-,-,-,-,-,-,-,II_GEN_JEW_EAR_ATTEARRING,1111,1,1,-
-,-,-,-,-,-,-,II_GEN_JEW_EAR_DEFEARRING,1111,1,1,-
-,-,-,-,-,-,-,II_GEN_JEW_NEC_HPNECKLACE,1111,1,1,-
-,-,-,-,-,-,-,II_GEN_JEW_NEC_MPNECKLACE,1111,1,1,-
-,-,-,-,-,-,-,II_GEN_JEW_NEC_FPNECKLACE,1111,1,1,-
-,-,-,-,-,-,-,II_GEN_JEW_RIN_STRRING,1111,1,1,-
-,-,-,-,-,-,-,II_GEN_JEW_RIN_INTRING,1111,1,1,-
-,-,-,-,-,-,-,II_GEN_JEW_RIN_DEXRING,1111,1,1,-
-,-,-,-,-,-,-,II_GEN_JEW_RIN_STARING,1112,1,1,-
20,41,60,2010-03-03 10:00,3000-01-01 12:00,-,-,-,-,-,-,-
-,-,-,-,-,ACCESSORY,6,-,-,-,-,-
-,-,-,-,-,-,-,II_GEN_JEW_EAR_ATTEARRING,1111,1,1,-
-,-,-,-,-,-,-,II_GEN_JEW_EAR_DEFEARRING,1111,1,1,-
-,-,-,-,-,-,-,II_GEN_JEW_NEC_HPNECKLACE,1111,1,1,-
-,-,-,-,-,-,-,II_GEN_JEW_NEC_MPNECKLACE,1111,1,1,-
-,-,-,-,-,-,-,II_GEN_JEW_NEC_FPNECKLACE,1111,1,1,-
-,-,-,-,-,-,-,II_GEN_JEW_RIN_STRRING,1111,1,1,-
-,-,-,-,-,-,-,II_GEN_JEW_RIN_INTRING,1111,1,1,-
-,-,-,-,-,-,-,II_GEN_JEW_RIN_DEXRING,1111,1,1,-
-,-,-,-,-,-,-,II_GEN_JEW_RIN_STARING,1112,1,1,-
21,61,80,2010-03-03 10:00,3000-01-01 12:00,-,-,-,-,-,-,-
-,-,-,-,-,ACCESSORY,12,-,-,-,-,-
-,-,-,-,-,-,-,II_GEN_JEW_EAR_ATTEARRING,1111,1,1,-
-,-,-,-,-,-,-,II_GEN_JEW_EAR_DEFEARRING,1111,1,1,-
-,-,-,-,-,-,-,II_GEN_JEW_NEC_HPNECKLACE,1111,1,1,-
-,-,-,-,-,-,-,II_GEN_JEW_NEC_MPNECKLACE,1111,1,1,-
-,-,-,-,-,-,-,II_GEN_JEW_NEC_FPNECKLACE,1111,1,1,-
-,-,-,-,-,-,-,II_GEN_JEW_RIN_STRRING,1111,1,1,-
-,-,-,-,-,-,-,II_GEN_JEW_RIN_INTRING,1111,1,1,-
-,-,-,-,-,-,-,II_GEN_JEW_RIN_DEXRING,1111,1,1,-
-,-,-,-,-,-,-,II_GEN_JEW_RIN_STARING,1112,1,1,-
22,81,100,2010-03-03 10:00,3000-01-01 12:00,-,-,-,-,-,-,-
-,-,-,-,-,ACCESSORY,22,-,-,-,-,-
-,-,-,-,-,-,-,II_GEN_JEW_EAR_ATTEARRING,1111,1,1,-
-,-,-,-,-,-,-,II_GEN_JEW_EAR_DEFEARRING,1111,1,1,-
-,-,-,-,-,-,-,II_GEN_JEW_NEC_HPNECKLACE,1111,1,1,-
-,-,-,-,-,-,-,II_GEN_JEW_NEC_MPNECKLACE,1111,1,1,-
-,-,-,-,-,-,-,II_GEN_JEW_NEC_FPNECKLACE,1111,1,1,-
-,-,-,-,-,-,-,II_GEN_JEW_RIN_STRRING,1111,1,1,-
-,-,-,-,-,-,-,II_GEN_JEW_RIN_INTRING,1111,1,1,-
-,-,-,-,-,-,-,II_GEN_JEW_RIN_DEXRING,1111,1,1,-
-,-,-,-,-,-,-,II_GEN_JEW_RIN_STARING,1112,1,1,-
23,101,130,2010-03-03 10:00,3000-01-01 12:00,-,-,-,-,-,-,-
-,-,-,-,-,ACCESSORY,34,-,-,-,-,-
-,-,-,-,-,-,-,II_GEN_JEW_EAR_ATTEARRING,1111,1,1,-
-,-,-,-,-,-,-,II_GEN_JEW_EAR_DEFEARRING,1111,1,1,-
-,-,-,-,-,-,-,II_GEN_JEW_NEC_HPNECKLACE,1111,1,1,-
-,-,-,-,-,-,-,II_GEN_JEW_NEC_MPNECKLACE,1111,1,1,-
-,-,-,-,-,-,-,II_GEN_JEW_NEC_FPNECKLACE,1111,1,1,-
-,-,-,-,-,-,-,II_GEN_JEW_RIN_STRRING,1111,1,1,-
-,-,-,-,-,-,-,II_GEN_JEW_RIN_INTRING,1111,1,1,-
-,-,-,-,-,-,-,II_GEN_JEW_RIN_DEXRING,1111,1,1,-
-,-,-,-,-,-,-,II_GEN_JEW_RIN_STARING,1112,1,1,-
24,131,160,2010-03-03 10:00,3000-01-01 12:00,-,-,-,-,-,-,-
-,-,-,-,-,ACCESSORY,50,-,-,-,-,-
-,-,-,-,-,-,-,II_GEN_JEW_EAR_ATTEARRING,1111,1,1,-
-,-,-,-,-,-,-,II_GEN_JEW_EAR_DEFEARRING,1111,1,1,-
-,-,-,-,-,-,-,II_GEN_JEW_NEC_HPNECKLACE,1111,1,1,-
-,-,-,-,-,-,-,II_GEN_JEW_NEC_MPNECKLACE,1111,1,1,-
-,-,-,-,-,-,-,II_GEN_JEW_NEC_FPNECKLACE,1111,1,1,-
-,-,-,-,-,-,-,II_GEN_JEW_RIN_STRRING,1111,1,1,-
-,-,-,-,-,-,-,II_GEN_JEW_RIN_INTRING,1111,1,1,-
-,-,-,-,-,-,-,II_GEN_JEW_RIN_DEXRING,1111,1,1,-
-,-,-,-,-,-,-,II_GEN_JEW_RIN_STARING,1112,1,1,-
25,20,160,2010-03-03 10:00,3000-01-01 12:00,-,-,-,-,-,-,-
-,-,-,-,-,MATERIAL,69,-,-,-,-,-
-,-,-,-,-,-,-,II_GEN_MAT_ELE_GENERATOR,2000,1,1,-
-,-,-,-,-,-,-,II_GEN_MAT_ELE_FLAME,2000,1,1,-
-,-,-,-,-,-,-,II_GEN_MAT_ELE_RIVER,2000,1,1,-
-,-,-,-,-,-,-,II_GEN_MAT_ELE_CYCLON,2000,1,1,-
-,-,-,-,-,-,-,II_GEN_MAT_ELE_DESERT,2000,1,1,-
26,20,160,2010-03-03 10:00,3000-01-01 12:00,-,-,-,-,-,-,-
-,-,-,-,-,MATERIAL,33,-,-,-,-,-
-,-,-,-,-,-,-,II_GEN_MAT_ELE_CANDLE,2000,1,1,-
-,-,-,-,-,-,-,II_GEN_MAT_ELE_RAIN,2000,1,1,-
-,-,-,-,-,-,-,II_GEN_MAT_ELE_SPARK,2000,1,1,-
-,-,-,-,-,-,-,II_GEN_MAT_ELE_SAND,2000,1,1,-
-,-,-,-,-,-,-,II_GEN_MAT_ELE_BREEZE,2000,1,1,-
27,20,160,2010-03-03 10:00,3000-01-01 12:00,-,-,-,-,-,-,-
-,-,-,-,-,MATERIAL,13,-,-,-,-,-
-,-,-,-,-,-,-,II_GEN_MAT_ELE_VOLCANO3,2000,1,1,-
-,-,-,-,-,-,-,II_GEN_MAT_ELE_OCEAN3,2000,1,1,-
-,-,-,-,-,-,-,II_GEN_MAT_ELE_LIGHTING3,2000,1,1,-
-,-,-,-,-,-,-,II_GEN_MAT_ELE_EARTHQUAKE3,2000,1,1,-
-,-,-,-,-,-,-,II_GEN_MAT_ELE_VACCUM3,2000,1,1,-
28,20,160,2010-03-03 10:00,3000-01-01 12:00,-,-,-,-,-,-,-
-,-,-,-,-,MATERIAL,2,-,-,-,-,-
-,-,-,-,-,-,-,II_GEN_MAT_ELE_MAGMA,2000,1,1,-
-,-,-,-,-,-,-,II_GEN_MAT_ELE_FLOOD,2000,1,1,-
-,-,-,-,-,-,-,II_GEN_MAT_ELE_THUNDER,2000,1,1,-
-,-,-,-,-,-,-,II_GEN_MAT_ELE_MOUNTAIN,2000,1,1,-
-,-,-,-,-,-,-,II_GEN_MAT_ELE_STORM,2000,1,1,-
29,20,160,2010-03-03 10:00,3000-01-01 12:00,-,-,-,-,-,-,-
-,-,-,-,-,MATERIAL,67,-,-,-,-,-
-,-,-,-,-,-,-,II_GEN_MAT_ELE_CANDLED,2000,1,1,-
-,-,-,-,-,-,-,II_GEN_MAT_ELE_RAINATKD,2000,1,1,-
-,-,-,-,-,-,-,II_GEN_MAT_ELE_BREEZEATKD,2000,1,1,-
-,-,-,-,-,-,-,II_GEN_MAT_ELE_SPARKATKD,2000,1,1,-
-,-,-,-,-,-,-,II_GEN_MAT_ELE_SANDATKD,2000,1,1,-
30,20,160,2010-03-03 10:00,3000-01-01 12:00,-,-,-,-,-,-,-
-,-,-,-,-,MATERIAL,27,-,-,-,-,-
-,-,-,-,-,-,-,II_GEN_MAT_ELE_CANDLEC,2000,1,1,-
-,-,-,-,-,-,-,II_GEN_MAT_ELE_RAINATKC,2000,1,1,-
-,-,-,-,-,-,-,II_GEN_MAT_ELE_BREEZEATKC,2000,1,1,-
-,-,-,-,-,-,-,II_GEN_MAT_ELE_SPARKATKC,2000,1,1,-
-,-,-,-,-,-,-,II_GEN_MAT_ELE_SANDATKC,2000,1,1,-
31,20,160,2010-03-03 10:00,3000-01-01 12:00,-,-,-,-,-,-,-
-,-,-,-,-,MATERIAL,4,-,-,-,-,-
-,-,-,-,-,-,-,II_GEN_MAT_ELE_CANDLEB,2000,1,1,-
-,-,-,-,-,-,-,II_GEN_MAT_ELE_RAINATKB,2000,1,1,-
-,-,-,-,-,-,-,II_GEN_MAT_ELE_BREEZEATKB,2000,1,1,-
-,-,-,-,-,-,-,II_GEN_MAT_ELE_SPARKATKB,2000,1,1,-
-,-,-,-,-,-,-,II_GEN_MAT_ELE_SANDATKB,2000,1,1,-
32,21,40,2010-03-03 10:00,3000-01-01 12:00,-,-,-,-,-,-,-
-,-,-,-,-,ETC,1,-,-,-,-,-
-,-,-,-,-,-,-,II_PET_EGG,10000,1,1,-
34,41,60,2010-03-03 10:00,3000-01-01 12:00,-,-,-,-,-,-,-
-,-,-,-,-,ETC,3,-,-,-,-,-
-,-,-,-,-,-,-,II_PET_EGG,10000,1,1,-
35,61,80,2010-03-03 10:00,3000-01-01 12:00,-,-,-,-,-,-,-
-,-,-,-,-,ETC,5,-,-,-,-,-
-,-,-,-,-,-,-,II_PET_EGG,10000,1,1,-
36,81,100,2010-03-03 10:00,3000-01-01 12:00,-,-,-,-,-,-,-
-,-,-,-,-,ETC,10,-,-,-,-,-
-,-,-,-,-,-,-,II_PET_EGG,10000,1,1,-
37,101,130,2010-03-03 10:00,3000-01-01 12:00,-,-,-,-,-,-,-
-,-,-,-,-,ETC,15,-,-,-,-,-
-,-,-,-,-,-,-,II_PET_EGG,10000,1,1,-
38,131,160,2010-03-03 10:00,3000-01-01 12:00,-,-,-,-,-,-,-
-,-,-,-,-,ETC,23,-,-,-,-,-
-,-,-,-,-,-,-,II_PET_EGG,10000,1,1,-
39,21,40,2010-03-03 10:00,3000-01-01 12:00,-,-,-,-,-,-,-
-,-,-,-,-,MATERIAL,2,-,-,-,-,-
-,-,-,-,-,-,-,II_GEN_MAT_ORICHALCUM01,5000,1,1,-
-,-,-,-,-,-,-,II_GEN_MAT_MOONSTONE,5000,1,1,-
40,41,60,2010-03-03 10:00,3000-01-01 12:00,-,-,-,-,-,-,-
-,-,-,-,-,MATERIAL,5,-,-,-,-,-
-,-,-,-,-,-,-,II_GEN_MAT_ORICHALCUM01,5000,1,1,-
-,-,-,-,-,-,-,II_GEN_MAT_MOONSTONE,5000,1,1,-
41,61,80,2010-03-03 10:00,3000-01-01 12:00,-,-,-,-,-,-,-
-,-,-,-,-,MATERIAL,10,-,-,-,-,-
-,-,-,-,-,-,-,II_GEN_MAT_ORICHALCUM01,5000,1,1,-
-,-,-,-,-,-,-,II_GEN_MAT_MOONSTONE,5000,1,1,-
42,81,100,2010-03-03 10:00,3000-01-01 12:00,-,-,-,-,-,-,-
-,-,-,-,-,MATERIAL,20,-,-,-,-,-
-,-,-,-,-,-,-,II_GEN_MAT_ORICHALCUM01,5000,1,1,-
-,-,-,-,-,-,-,II_GEN_MAT_MOONSTONE,5000,1,1,-
43,101,130,2010-03-03 10:00,3000-01-01 12:00,-,-,-,-,-,-,-
-,-,-,-,-,MATERIAL,30,-,-,-,-,-
-,-,-,-,-,-,-,II_GEN_MAT_ORICHALCUM01,5000,1,1,-
-,-,-,-,-,-,-,II_GEN_MAT_MOONSTONE,5000,1,1,-
44,131,160,2010-03-03 10:00,3000-01-01 12:00,-,-,-,-,-,-,-
-,-,-,-,-,MATERIAL,45,-,-,-,-,-
-,-,-,-,-,-,-,II_GEN_MAT_ORICHALCUM01,5000,1,1,-
-,-,-,-,-,-,-,II_GEN_MAT_MOONSTONE,5000,1,1,-
45,2,14,2010-03-03 10:00,3000-01-01 12:00,-,-,-,-,-,-,-
-,-,-,-,-,ARMOR,5,-,-,-,-,-
-,-,-,-,-,-,-,II_ARM_M_VAG_HELMET04,1250,1,1,-
-,-,-,-,-,-,-,II_ARM_M_VAG_SUIT04,1250,1,1,-
-,-,-,-,-,-,-,II_ARM_M_VAG_GAUNTLET04,1250,1,1,-
-,-,-,-,-,-,-,II_ARM_M_VAG_BOOTS04,1250,1,1,-
-,-,-,-,-,-,-,II_ARM_F_VAG_HELMET04,1250,1,1,-
-,-,-,-,-,-,-,II_ARM_F_VAG_SUIT04,1250,1,1,-
-,-,-,-,-,-,-,II_ARM_F_VAG_GAUNTLET04,1250,1,1,-
-,-,-,-,-,-,-,II_ARM_F_VAG_BOOTS04,1250,1,1,-
46,20,34,2010-03-03 10:00,3000-01-01 12:00,-,-,-,-,-,-,-
-,-,-,-,-,ARMOR,15,-,-,-,-,-
-,-,-,-,-,-,-,II_ARM_F_MER_HELMET_SET_01,438,1,1,-
-,-,-,-,-,-,-,II_ARM_F_MER_SUIT_SET_01,125,1,1,-
-,-,-,-,-,-,-,II_ARM_F_MER_GAUNTLET_SET_01,250,1,1,-
-,-,-,-,-,-,-,II_ARM_F_MER_BOOTS_SET_01,437,1,1,-
-,-,-,-,-,-,-,II_ARM_M_MER_HELMET_SET_01,438,1,1,-
-,-,-,-,-,-,-,II_ARM_M_MER_SUIT_SET_01,125,1,1,-
-,-,-,-,-,-,-,II_ARM_M_MER_GAUNTLET_SET_01,250,1,1,-
-,-,-,-,-,-,-,II_ARM_M_MER_BOOTS_SET_01,437,1,1,-
-,-,-,-,-,-,-,II_ARM_F_ACR_HELMET_SET_01,438,1,1,-
-,-,-,-,-,-,-,II_ARM_F_ACR_SUIT_SET_01,125,1,1,-
-,-,-,-,-,-,-,II_ARM_F_ACR_GAUNTLET_SET_01,250,1,1,-
-,-,-,-,-,-,-,II_ARM_F_ACR_BOOTS_SET_01,437,1,1,-
-,-,-,-,-,-,-,II_ARM_M_ACR_HELMET_SET_01,438,1,1,-
-,-,-,-,-,-,-,II_ARM_M_ACR_SUIT_SET_01,125,1,1,-
-,-,-,-,-,-,-,II_ARM_M_ACR_GAUNTLET_SET_01,250,1,1,-
-,-,-,-,-,-,-,II_ARM_M_ACR_BOOTS_SET_01,437,1,1,-
-,-,-,-,-,-,-,II_ARM_F_ASS_HELMET_SET_01,438,1,1,-
-,-,-,-,-,-,-,II_ARM_F_ASS_SUIT_SET_01,125,1,1,-
-,-,-,-,-,-,-,II_ARM_F_ASS_GAUNTLET_SET_01,250,1,1,-
-,-,-,-,-,-,-,II_ARM_F_ASS_BOOTS_SET_01,437,1,1,-
-,-,-,-,-,-,-,II_ARM_M_ASS_HELMET_SET_01,438,1,1,-
-,-,-,-,-,-,-,II_ARM_M_ASS_SUIT_SET_01,125,1,1,-
-,-,-,-,-,-,-,II_ARM_M_ASS_GAUNTLET_SET_01,250,1,1,-
-,-,-,-,-,-,-,II_ARM_M_ASS_BOOTS_SET_01,437,1,1,-
-,-,-,-,-,-,-,II_ARM_F_MAG_HELMET_SET_01,438,1,1,-
-,-,-,-,-,-,-,II_ARM_F_MAG_SUIT_SET_01,125,1,1,-
-,-,-,-,-,-,-,II_ARM_F_MAG_GAUNTLET_SET_01,250,1,1,-
-,-,-,-,-,-,-,II_ARM_F_MAG_BOOTS_SET_01,437,1,1,-
-,-,-,-,-,-,-,II_ARM_M_MAG_HELMET_SET_01,438,1,1,-
-,-,-,-,-,-,-,II_ARM_M_MAG_SUIT_SET_01,125,1,1,-
-,-,-,-,-,-,-,II_ARM_M_MAG_GAUNTLET_SET_01,250,1,1,-
-,-,-,-,-,-,-,II_ARM_M_MAG_BOOTS_SET_01,437,1,1,-
47,35,49,2010-03-03 10:00,3000-01-01 12:00,-,-,-,-,-,-,-
-,-,-,-,-,ARMOR,15,-,-,-,-,-
-,-,-,-,-,-,-,II_ARM_F_MER_HELMET_SET_02,438,1,1,-
-,-,-,-,-,-,-,II_ARM_F_MER_SUIT_SET_02,125,1,1,-
-,-,-,-,-,-,-,II_ARM_F_MER_GAUNTLET_SET_02,250,1,1,-
-,-,-,-,-,-,-,II_ARM_F_MER_BOOTS_SET_02,437,1,1,-
-,-,-,-,-,-,-,II_ARM_M_MER_HELMET_SET_02,438,1,1,-
-,-,-,-,-,-,-,II_ARM_M_MER_SUIT_SET_02,125,1,1,-
-,-,-,-,-,-,-,II_ARM_M_MER_GAUNTLET_SET_02,250,1,1,-
-,-,-,-,-,-,-,II_ARM_M_MER_BOOTS_SET_02,437,1,1,-
-,-,-,-,-,-,-,II_ARM_F_ACR_HELMET_SET_02,438,1,1,-
-,-,-,-,-,-,-,II_ARM_F_ACR_SUIT_SET_02,125,1,1,-
-,-,-,-,-,-,-,II_ARM_F_ACR_GAUNTLET_SET_02,250,1,1,-
-,-,-,-,-,-,-,II_ARM_F_ACR_BOOTS_SET_02,437,1,1,-
-,-,-,-,-,-,-,II_ARM_M_ACR_HELMET_SET_02,438,1,1,-
-,-,-,-,-,-,-,II_ARM_M_ACR_SUIT_SET_02,125,1,1,-
-,-,-,-,-,-,-,II_ARM_M_ACR_GAUNTLET_SET_02,250,1,1,-
-,-,-,-,-,-,-,II_ARM_M_ACR_BOOTS_SET_02,437,1,1,-
-,-,-,-,-,-,-,II_ARM_F_ASS_HELMET_SET_02,438,1,1,-
-,-,-,-,-,-,-,II_ARM_F_ASS_SUIT_SET_02,125,1,1,-
-,-,-,-,-,-,-,II_ARM_F_ASS_GAUNTLET_SET_02,250,1,1,-
-,-,-,-,-,-,-,II_ARM_F_ASS_BOOTS_SET_02,437,1,1,-
-,-,-,-,-,-,-,II_ARM_M_ASS_HELMET_SET_02,438,1,1,-
-,-,-,-,-,-,-,II_ARM_M_ASS_SUIT_SET_02,125,1,1,-
-,-,-,-,-,-,-,II_ARM_M_ASS_GAUNTLET_SET_02,250,1,1,-
-,-,-,-,-,-,-,II_ARM_M_ASS_BOOTS_SET_02,437,1,1,-
-,-,-,-,-,-,-,II_ARM_F_MAG_HELMET_SET_02,438,1,1,-
-,-,-,-,-,-,-,II_ARM_F_MAG_SUIT_SET_02,125,1,1,-
-,-,-,-,-,-,-,II_ARM_F_MAG_GAUNTLET_SET_02,250,1,1,-
-,-,-,-,-,-,-,II_ARM_F_MAG_BOOTS_SET_02,437,1,1,-
-,-,-,-,-,-,-,II_ARM_M_MAG_HELMET_SET_02,438,1,1,-
-,-,-,-,-,-,-,II_ARM_M_MAG_SUIT_SET_02,125,1,1,-
-,-,-,-,-,-,-,II_ARM_M_MAG_GAUNTLET_SET_02,250,1,1,-
-,-,-,-,-,-,-,II_ARM_M_MAG_BOOTS_SET_02,437,1,1,-
48,50,64,2010-03-03 10:00,3000-01-01 12:00,-,-,-,-,-,-,-
-,-,-,-,-,ARMOR,12,-,-,-,-,-
-,-,-,-,-,-,-,II_ARM_F_MER_HELMET_SET_03,438,1,1,-
-,-,-,-,-,-,-,II_ARM_F_MER_SUIT_SET_03,125,1,1,-
-,-,-,-,-,-,-,II_ARM_F_MER_GAUNTLET_SET_03,250,1,1,-
-,-,-,-,-,-,-,II_ARM_F_MER_BOOTS_SET_03,437,1,1,-
-,-,-,-,-,-,-,II_ARM_M_MER_HELMET_SET_03,438,1,1,-
-,-,-,-,-,-,-,II_ARM_M_MER_SUIT_SET_03,125,1,1,-
-,-,-,-,-,-,-,II_ARM_M_MER_GAUNTLET_SET_03,250,1,1,-
-,-,-,-,-,-,-,II_ARM_M_MER_BOOTS_SET_03,437,1,1,-
-,-,-,-,-,-,-,II_ARM_F_ACR_HELMET_SET_03,438,1,1,-
-,-,-,-,-,-,-,II_ARM_F_ACR_SUIT_SET_03,125,1,1,-
-,-,-,-,-,-,-,II_ARM_F_ACR_GAUNTLET_SET_03,250,1,1,-
-,-,-,-,-,-,-,II_ARM_F_ACR_BOOTS_SET_03,437,1,1,-
-,-,-,-,-,-,-,II_ARM_M_ACR_HELMET_SET_03,438,1,1,-
-,-,-,-,-,-,-,II_ARM_M_ACR_SUIT_SET_03,125,1,1,-
-,-,-,-,-,-,-,II_ARM_M_ACR_GAUNTLET_SET_03,250,1,1,-
-,-,-,-,-,-,-,II_ARM_M_ACR_BOOTS_SET_03,437,1,1,-
-,-,-,-,-,-,-,II_ARM_F_ASS_HELMET_SET_03,438,1,1,-
-,-,-,-,-,-,-,II_ARM_F_ASS_SUIT_SET_03,125,1,1,-
-,-,-,-,-,-,-,II_ARM_F_ASS_GAUNTLET_SET_03,250,1,1,-
-,-,-,-,-,-,-,II_ARM_F_ASS_BOOTS_SET_03,437,1,1,-
-,-,-,-,-,-,-,II_ARM_M_ASS_HELMET_SET_03,438,1,1,-
-,-,-,-,-,-,-,II_ARM_M_ASS_SUIT_SET_03,125,1,1,-
-,-,-,-,-,-,-,II_ARM_M_ASS_GAUNTLET_SET_03,250,1,1,-
-,-,-,-,-,-,-,II_ARM_M_ASS_BOOTS_SET_03,437,1,1,-
-,-,-,-,-,-,-,II_ARM_F_MAG_HELMET_SET_03,438,1,1,-
-,-,-,-,-,-,-,II_ARM_F_MAG_SUIT_SET_03,125,1,1,-
-,-,-,-,-,-,-,II_ARM_F_MAG_GAUNTLET_SET_03,250,1,1,-
-,-,-,-,-,-,-,II_ARM_F_MAG_BOOTS_SET_03,437,1,1,-
-,-,-,-,-,-,-,II_ARM_M_MAG_HELMET_SET_03,438,1,1,-
-,-,-,-,-,-,-,II_ARM_M_MAG_SUIT_SET_03,125,1,1,-
-,-,-,-,-,-,-,II_ARM_M_MAG_GAUNTLET_SET_03,250,1,1,-
-,-,-,-,-,-,-,II_ARM_M_MAG_BOOTS_SET_03,437,1,1,-
49,65,79,2010-03-03 10:00,3000-01-01 12:00,-,-,-,-,-,-,-
-,-,-,-,-,ARMOR,12,-,-,-,-,-
-,-,-,-,-,-,-,II_ARM_F_MER_HELMET_SET_04,438,1,1,-
-,-,-,-,-,-,-,II_ARM_F_MER_SUIT_SET_04,125,1,1,-
-,-,-,-,-,-,-,II_ARM_F_MER_GAUNTLET_SET_04,250,1,1,-
-,-,-,-,-,-,-,II_ARM_F_MER_BOOTS_SET_04,437,1,1,-
-,-,-,-,-,-,-,II_ARM_M_MER_HELMET_SET_04,438,1,1,-
-,-,-,-,-,-,-,II_ARM_M_MER_SUIT_SET_04,125,1,1,-
-,-,-,-,-,-,-,II_ARM_M_MER_GAUNTLET_SET_04,250,1,1,-
-,-,-,-,-,-,-,II_ARM_M_MER_BOOTS_SET_04,437,1,1,-
-,-,-,-,-,-,-,II_ARM_F_ACR_HELMET_SET_05,438,1,1,-
-,-,-,-,-,-,-,II_ARM_F_ACR_SUIT_SET_05,125,1,1,-
-,-,-,-,-,-,-,II_ARM_F_ACR_GAUNTLET_SET_05,250,1,1,-
-,-,-,-,-,-,-,II_ARM_F_ACR_BOOTS_SET_05,437,1,1,-
-,-,-,-,-,-,-,II_ARM_M_ACR_HELMET_SET_05,438,1,1,-
-,-,-,-,-,-,-,II_ARM_M_ACR_SUIT_SET_05,125,1,1,-
-,-,-,-,-,-,-,II_ARM_M_ACR_GAUNTLET_SET_05,250,1,1,-
-,-,-,-,-,-,-,II_ARM_M_ACR_BOOTS_SET_05,437,1,1,-
-,-,-,-,-,-,-,II_ARM_F_ASS_HELMET_SET_06,438,1,1,-
-,-,-,-,-,-,-,II_ARM_F_ASS_SUIT_SET_06,125,1,1,-
-,-,-,-,-,-,-,II_ARM_F_ASS_GAUNTLET_SET_06,250,1,1,-
-,-,-,-,-,-,-,II_ARM_F_ASS_BOOTS_SET_06,437,1,1,-
-,-,-,-,-,-,-,II_ARM_M_ASS_HELMET_SET_06,438,1,1,-
-,-,-,-,-,-,-,II_ARM_M_ASS_SUIT_SET_06,125,1,1,-
-,-,-,-,-,-,-,II_ARM_M_ASS_GAUNTLET_SET_06,250,1,1,-
-,-,-,-,-,-,-,II_ARM_M_ASS_BOOTS_SET_06,437,1,1,-
-,-,-,-,-,-,-,II_ARM_F_MAG_HELMET_SET_07,438,1,1,-
-,-,-,-,-,-,-,II_ARM_F_MAG_SUIT_SET_07,125,1,1,-
-,-,-,-,-,-,-,II_ARM_F_MAG_GAUNTLET_SET_07,250,1,1,-
-,-,-,-,-,-,-,II_ARM_F_MAG_BOOTS_SET_07,437,1,1,-
-,-,-,-,-,-,-,II_ARM_M_MAG_HELMET_SET_07,438,1,1,-
-,-,-,-,-,-,-,II_ARM_M_MAG_SUIT_SET_07,125,1,1,-
-,-,-,-,-,-,-,II_ARM_M_MAG_GAUNTLET_SET_07,250,1,1,-
-,-,-,-,-,-,-,II_ARM_M_MAG_BOOTS_SET_07,437,1,1,-
50,80,94,2010-03-03 10:00,3000-01-01 12:00,-,-,-,-,-,-,-
-,-,-,-,-,ARMOR,15,-,-,-,-,-
-,-,-,-,-,-,-,II_ARM_F_KIN_HELMET_SET_08,219,1,1,-
-,-,-,-,-,-,-,II_ARM_F_KIN_SUIT_SET_08,62,1,1,-
-,-,-,-,-,-,-,II_ARM_F_KIN_GAUNTLET_SET_08,125,1,1,-
-,-,-,-,-,-,-,II_ARM_F_KIN_BOOTS_SET_08,219,1,1,-
-,-,-,-,-,-,-,II_ARM_M_KIN_HELMET_SET_08,219,1,1,-
-,-,-,-,-,-,-,II_ARM_M_KIN_SUIT_SET_08,62,1,1,-
-,-,-,-,-,-,-,II_ARM_M_KIN_GAUNTLET_SET_08,125,1,1,-
-,-,-,-,-,-,-,II_ARM_M_KIN_BOOTS_SET_08,219,1,1,-
-,-,-,-,-,-,-,II_ARM_F_BLA_HELMET_SET_11,219,1,1,-
-,-,-,-,-,-,-,II_ARM_F_BLA_SUIT_SET_11,62,1,1,-
-,-,-,-,-,-,-,II_ARM_F_BLA_GAUNTLET_SET_11,125,1,1,-
-,-,-,-,-,-,-,II_ARM_F_BLA_BOOTS_SET_11,219,1,1,-
-,-,-,-,-,-,-,II_ARM_M_BLA_HELMET_SET_11,219,1,1,-
-,-,-,-,-,-,-,II_ARM_M_BLA_SUIT_SET_11,62,1,1,-
-,-,-,-,-,-,-,II_ARM_M_BLA_GAUNTLET_SET_11,125,1,1,-
-,-,-,-,-,-,-,II_ARM_M_BLA_BOOTS_SET_11,219,1,1,-
-,-,-,-,-,-,-,II_ARM_F_JST_HELMET_SET_14,219,1,1,-
-,-,-,-,-,-,-,II_ARM_F_JST_SUIT_SET_14,62,1,1,-
-,-,-,-,-,-,-,II_ARM_F_JST_GAUNTLET_SET_14,125,1,1,-
-,-,-,-,-,-,-,II_ARM_F_JST_BOOTS_SET_14,219,1,1,-
-,-,-,-,-,-,-,II_ARM_M_JST_HELMET_SET_14,219,1,1,-
-,-,-,-,-,-,-,II_ARM_M_JST_SUIT_SET_14,62,1,1,-
-,-,-,-,-,-,-,II_ARM_M_JST_GAUNTLET_SET_14,125,1,1,-
-,-,-,-,-,-,-,II_ARM_M_JST_BOOTS_SET_14,219,1,1,-
-,-,-,-,-,-,-,II_ARM_F_RAG_HELMET_SET_17,219,1,1,-
-,-,-,-,-,-,-,II_ARM_F_RAG_SUIT_SET_17,62,1,1,-
-,-,-,-,-,-,-,II_ARM_F_RAG_GAUNTLET_SET_17,125,1,1,-
-,-,-,-,-,-,-,II_ARM_F_RAG_BOOTS_SET_17,219,1,1,-
-,-,-,-,-,-,-,II_ARM_M_RAG_HELMET_SET_17,219,1,1,-
-,-,-,-,-,-,-,II_ARM_M_RAG_SUIT_SET_17,62,1,1,-
-,-,-,-,-,-,-,II_ARM_M_RAG_GAUNTLET_SET_17,125,1,1,-
-,-,-,-,-,-,-,II_ARM_M_RAG_BOOTS_SET_17,219,1,1,-
-,-,-,-,-,-,-,II_ARM_F_RIN_HELMET_SET_20,219,1,1,-
-,-,-,-,-,-,-,II_ARM_F_RIN_SUIT_SET_20,62,1,1,-
-,-,-,-,-,-,-,II_ARM_F_RIN_GAUNTLET_SET_20,125,1,1,-
-,-,-,-,-,-,-,II_ARM_F_RIN_BOOTS_SET_20,219,1,1,-
-,-,-,-,-,-,-,II_ARM_M_RIN_HELMET_SET_20,219,1,1,-
-,-,-,-,-,-,-,II_ARM_M_RIN_SUIT_SET_20,62,1,1,-
-,-,-,-,-,-,-,II_ARM_M_RIN_GAUNTLET_SET_20,125,1,1,-
-,-,-,-,-,-,-,II_ARM_M_RIN_BOOTS_SET_20,219,1,1,-
-,-,-,-,-,-,-,II_ARM_F_BIL_HELMET_SET_23,219,1,1,-
-,-,-,-,-,-,-,II_ARM_F_BIL_SUIT_SET_23,62,1,1,-
-,-,-,-,-,-,-,II_ARM_F_BIL_GAUNTLET_SET_23,125,1,1,-
-,-,-,-,-,-,-,II_ARM_F_BIL_BOOTS_SET_23,219,1,1,-
-,-,-,-,-,-,-,II_ARM_M_BIL_HELMET_SET_23,219,1,1,-
-,-,-,-,-,-,-,II_ARM_M_BIL_SUIT_SET_23,62,1,1,-
-,-,-,-,-,-,-,II_ARM_M_BIL_GAUNTLET_SET_23,125,1,1,-
-,-,-,-,-,-,-,II_ARM_M_BIL_BOOTS_SET_23,219,1,1,-
-,-,-,-,-,-,-,II_ARM_F_PSY_HELMET_SET_26,219,1,1,-
-,-,-,-,-,-,-,II_ARM_F_PSY_SUIT_SET_26,62,1,1,-
-,-,-,-,-,-,-,II_ARM_F_PSY_GAUNTLET_SET_26,125,1,1,-
-,-,-,-,-,-,-,II_ARM_F_PSY_BOOTS_SET_26,219,1,1,-
-,-,-,-,-,-,-,II_ARM_M_PSY_HELMET_SET_26,219,1,1,-
-,-,-,-,-,-,-,II_ARM_M_PSY_SUIT_SET_26,62,1,1,-
-,-,-,-,-,-,-,II_ARM_M_PSY_GAUNTLET_SET_26,125,1,1,-
-,-,-,-,-,-,-,II_ARM_M_PSY_BOOTS_SET_26,219,1,1,-
-,-,-,-,-,-,-,II_ARM_F_ELE_HELMET_SET_29,219,1,1,-
-,-,-,-,-,-,-,II_ARM_F_ELE_SUIT_SET_29,62,1,1,-
-,-,-,-,-,-,-,II_ARM_F_ELE_GAUNTLET_SET_29,125,1,1,-
-,-,-,-,-,-,-,II_ARM_F_ELE_BOOTS_SET_29,219,1,1,-
-,-,-,-,-,-,-,II_ARM_M_ELE_HELMET_SET_29,219,1,1,-
-,-,-,-,-,-,-,II_ARM_M_ELE_SUIT_SET_29,62,1,1,-
-,-,-,-,-,-,-,II_ARM_M_ELE_GAUNTLET_SET_29,125,1,1,-
-,-,-,-,-,-,-,II_ARM_M_ELE_BOOTS_SET_29,219,1,1,-
51,95,109,2010-03-03 10:00,3000-01-01 12:00,-,-,-,-,-,-,-
-,-,-,-,-,ARMOR,8,-,-,-,-,-
-,-,-,-,-,-,-,II_ARM_F_KIN_HELMET_SET_09,219,1,1,-
-,-,-,-,-,-,-,II_ARM_F_KIN_SUIT_SET_09,62,1,1,-
-,-,-,-,-,-,-,II_ARM_F_KIN_GAUNTLET_SET_09,125,1,1,-
-,-,-,-,-,-,-,II_ARM_F_KIN_BOOTS_SET_09,219,1,1,-
-,-,-,-,-,-,-,II_ARM_M_KIN_HELMET_SET_09,219,1,1,-
-,-,-,-,-,-,-,II_ARM_M_KIN_SUIT_SET_09,62,1,1,-
-,-,-,-,-,-,-,II_ARM_M_KIN_GAUNTLET_SET_09,125,1,1,-
-,-,-,-,-,-,-,II_ARM_M_KIN_BOOTS_SET_09,219,1,1,-
-,-,-,-,-,-,-,II_ARM_F_BLA_HELMET_SET_12,219,1,1,-
-,-,-,-,-,-,-,II_ARM_F_BLA_SUIT_SET_12,62,1,1,-
-,-,-,-,-,-,-,II_ARM_F_BLA_GAUNTLET_SET_12,125,1,1,-
-,-,-,-,-,-,-,II_ARM_F_BLA_BOOTS_SET_12,219,1,1,-
-,-,-,-,-,-,-,II_ARM_M_BLA_HELMET_SET_12,219,1,1,-
-,-,-,-,-,-,-,II_ARM_M_BLA_SUIT_SET_12,62,1,1,-
-,-,-,-,-,-,-,II_ARM_M_BLA_GAUNTLET_SET_12,125,1,1,-
-,-,-,-,-,-,-,II_ARM_M_BLA_BOOTS_SET_12,219,1,1,-
-,-,-,-,-,-,-,II_ARM_F_JST_HELMET_SET_15,219,1,1,-
-,-,-,-,-,-,-,II_ARM_F_JST_SUIT_SET_15,62,1,1,-
-,-,-,-,-,-,-,II_ARM_F_JST_GAUNTLET_SET_15,125,1,1,-
-,-,-,-,-,-,-,II_ARM_F_JST_BOOTS_SET_15,219,1,1,-
-,-,-,-,-,-,-,II_ARM_M_JST_HELMET_SET_15,219,1,1,-
-,-,-,-,-,-,-,II_ARM_M_JST_SUIT_SET_15,62,1,1,-
-,-,-,-,-,-,-,II_ARM_M_JST_GAUNTLET_SET_15,125,1,1,-
-,-,-,-,-,-,-,II_ARM_M_JST_BOOTS_SET_15,219,1,1,-
-,-,-,-,-,-,-,II_ARM_F_RAG_HELMET_SET_18,219,1,1,-
-,-,-,-,-,-,-,II_ARM_F_RAG_SUIT_SET_18,62,1,1,-
-,-,-,-,-,-,-,II_ARM_F_RAG_GAUNTLET_SET_18,125,1,1,-
-,-,-,-,-,-,-,II_ARM_F_RAG_BOOTS_SET_18,219,1,1,-
-,-,-,-,-,-,-,II_ARM_M_RAG_HELMET_SET_18,219,1,1,-
-,-,-,-,-,-,-,II_ARM_M_RAG_SUIT_SET_18,62,1,1,-
-,-,-,-,-,-,-,II_ARM_M_RAG_GAUNTLET_SET_18,125,1,1,-
-,-,-,-,-,-,-,II_ARM_M_RAG_BOOTS_SET_18,219,1,1,-
-,-,-,-,-,-,-,II_ARM_F_RIN_HELMET_SET_21,219,1,1,-
-,-,-,-,-,-,-,II_ARM_F_RIN_SUIT_SET_21,62,1,1,-
-,-,-,-,-,-,-,II_ARM_F_RIN_GAUNTLET_SET_21,125,1,1,-
-,-,-,-,-,-,-,II_ARM_F_RIN_BOOTS_SET_21,219,1,1,-
-,-,-,-,-,-,-,II_ARM_M_RIN_HELMET_SET_21,219,1,1,-
-,-,-,-,-,-,-,II_ARM_M_RIN_SUIT_SET_21,62,1,1,-
-,-,-,-,-,-,-,II_ARM_M_RIN_GAUNTLET_SET_21,125,1,1,-
-,-,-,-,-,-,-,II_ARM_M_RIN_BOOTS_SET_21,219,1,1,-
-,-,-,-,-,-,-,II_ARM_F_BIL_HELMET_SET_24,219,1,1,-
-,-,-,-,-,-,-,II_ARM_F_BIL_SUIT_SET_24,62,1,1,-
-,-,-,-,-,-,-,II_ARM_F_BIL_GAUNTLET_SET_24,125,1,1,-
-,-,-,-,-,-,-,II_ARM_F_BIL_BOOTS_SET_24,219,1,1,-
-,-,-,-,-,-,-,II_ARM_M_BIL_HELMET_SET_24,219,1,1,-
-,-,-,-,-,-,-,II_ARM_M_BIL_SUIT_SET_24,62,1,1,-
-,-,-,-,-,-,-,II_ARM_M_BIL_GAUNTLET_SET_24,125,1,1,-
-,-,-,-,-,-,-,II_ARM_M_BIL_BOOTS_SET_24,219,1,1,-
-,-,-,-,-,-,-,II_ARM_F_PSY_HELMET_SET_27,219,1,1,-
-,-,-,-,-,-,-,II_ARM_F_PSY_SUIT_SET_27,62,1,1,-
-,-,-,-,-,-,-,II_ARM_F_PSY_GAUNTLET_SET_27,125,1,1,-
-,-,-,-,-,-,-,II_ARM_F_PSY_BOOTS_SET_27,219,1,1,-
-,-,-,-,-,-,-,II_ARM_M_PSY_HELMET_SET_27,219,1,1,-
-,-,-,-,-,-,-,II_ARM_M_PSY_SUIT_SET_27,62,1,1,-
-,-,-,-,-,-,-,II_ARM_M_PSY_GAUNTLET_SET_27,125,1,1,-
-,-,-,-,-,-,-,II_ARM_M_PSY_BOOTS_SET_27,219,1,1,-
-,-,-,-,-,-,-,II_ARM_F_ELE_HELMET_SET_30,219,1,1,-
-,-,-,-,-,-,-,II_ARM_F_ELE_SUIT_SET_30,62,1,1,-
-,-,-,-,-,-,-,II_ARM_F_ELE_GAUNTLET_SET_30,125,1,1,-
-,-,-,-,-,-,-,II_ARM_F_ELE_BOOTS_SET_30,219,1,1,-
-,-,-,-,-,-,-,II_ARM_M_ELE_HELMET_SET_30,219,1,1,-
-,-,-,-,-,-,-,II_ARM_M_ELE_SUIT_SET_30,62,1,1,-
-,-,-,-,-,-,-,II_ARM_M_ELE_GAUNTLET_SET_30,125,1,1,-
-,-,-,-,-,-,-,II_ARM_M_ELE_BOOTS_SET_30,219,1,1,-
52,100,130,2010-03-03 10:00,3000-01-01 12:00,-,-,-,-,-,-,-
-,-,-,-,-,ARMOR,8,-,-,-,-,-
-,-,-,-,-,-,-,II_ARM_F_KIN_HELMET_SET_10,109,1,1,-
-,-,-,-,-,-,-,II_ARM_F_KIN_SUIT_SET_10,32,1,1,-
-,-,-,-,-,-,-,II_ARM_F_KIN_GAUNTLET_SET_10,62,1,1,-
-,-,-,-,-,-,-,II_ARM_F_KIN_BOOTS_SET_10,109,1,1,-
-,-,-,-,-,-,-,II_ARM_M_KIN_HELMET_SET_10,109,1,1,-
-,-,-,-,-,-,-,II_ARM_M_KIN_SUIT_SET_10,32,1,1,-
-,-,-,-,-,-,-,II_ARM_M_KIN_GAUNTLET_SET_10,62,1,1,-
-,-,-,-,-,-,-,II_ARM_M_KIN_BOOTS_SET_10,110,1,1,-
-,-,-,-,-,-,-,II_ARM_F_BLA_HELMET_SET_13,109,1,1,-
-,-,-,-,-,-,-,II_ARM_F_BLA_SUIT_SET_13,32,1,1,-
-,-,-,-,-,-,-,II_ARM_F_BLA_GAUNTLET_SET_13,62,1,1,-
-,-,-,-,-,-,-,II_ARM_F_BLA_BOOTS_SET_13,109,1,1,-
-,-,-,-,-,-,-,II_ARM_M_BLA_HELMET_SET_13,109,1,1,-
-,-,-,-,-,-,-,II_ARM_M_BLA_SUIT_SET_13,32,1,1,-
-,-,-,-,-,-,-,II_ARM_M_BLA_GAUNTLET_SET_13,62,1,1,-
-,-,-,-,-,-,-,II_ARM_M_BLA_BOOTS_SET_13,109,1,1,-
-,-,-,-,-,-,-,II_ARM_F_JST_HELMET_SET_16,109,1,1,-
-,-,-,-,-,-,-,II_ARM_F_JST_SUIT_SET_16,32,1,1,-
-,-,-,-,-,-,-,II_ARM_F_JST_GAUNTLET_SET_16,62,1,1,-
-,-,-,-,-,-,-,II_ARM_F_JST_BOOTS_SET_16,110,1,1,-
-,-,-,-,-,-,-,II_ARM_M_JST_HELMET_SET_16,109,1,1,-
-,-,-,-,-,-,-,II_ARM_M_JST_SUIT_SET_16,32,1,1,-
-,-,-,-,-,-,-,II_ARM_M_JST_GAUNTLET_SET_16,62,1,1,-
-,-,-,-,-,-,-,II_ARM_M_JST_BOOTS_SET_16,109,1,1,-
-,-,-,-,-,-,-,II_ARM_F_RAG_HELMET_SET_19,109,1,1,-
-,-,-,-,-,-,-,II_ARM_F_RAG_SUIT_SET_19,32,1,1,-
-,-,-,-,-,-,-,II_ARM_F_RAG_GAUNTLET_SET_19,62,1,1,-
-,-,-,-,-,-,-,II_ARM_F_RAG_BOOTS_SET_19,110,1,1,-
-,-,-,-,-,-,-,II_ARM_M_RAG_HELMET_SET_19,109,1,1,-
-,-,-,-,-,-,-,II_ARM_M_RAG_SUIT_SET_19,32,1,1,-
-,-,-,-,-,-,-,II_ARM_M_RAG_GAUNTLET_SET_19,62,1,1,-
-,-,-,-,-,-,-,II_ARM_M_RAG_BOOTS_SET_19,109,1,1,-
-,-,-,-,-,-,-,II_ARM_F_RIN_HELMET_SET_22,109,1,1,-
-,-,-,-,-,-,-,II_ARM_F_RIN_SUIT_SET_22,32,1,1,-
-,-,-,-,-,-,-,II_ARM_F_RIN_GAUNTLET_SET_22,62,1,1,-
-,-,-,-,-,-,-,II_ARM_F_RIN_BOOTS_SET_22,110,1,1,-
-,-,-,-,-,-,-,II_ARM_M_RIN_HELMET_SET_22,109,1,1,-
-,-,-,-,-,-,-,II_ARM_M_RIN_SUIT_SET_22,32,1,1,-
-,-,-,-,-,-,-,II_ARM_M_RIN_GAUNTLET_SET_22,62,1,1,-
-,-,-,-,-,-,-,II_ARM_M_RIN_BOOTS_SET_22,109,1,1,-
-,-,-,-,-,-,-,II_ARM_F_BIL_HELMET_SET_25,109,1,1,-
-,-,-,-,-,-,-,II_ARM_F_BIL_SUIT_SET_25,32,1,1,-
-,-,-,-,-,-,-,II_ARM_F_BIL_GAUNTLET_SET_25,62,1,1,-
-,-,-,-,-,-,-,II_ARM_F_BIL_BOOTS_SET_25,109,1,1,-
-,-,-,-,-,-,-,II_ARM_M_BIL_HELMET_SET_25,109,1,1,-
-,-,-,-,-,-,-,II_ARM_M_BIL_SUIT_SET_25,32,1,1,-
-,-,-,-,-,-,-,II_ARM_M_BIL_GAUNTLET_SET_25,62,1,1,-
-,-,-,-,-,-,-,II_ARM_M_BIL_BOOTS_SET_25,110,1,1,-
-,-,-,-,-,-,-,II_ARM_F_PSY_HELMET_SET_28,109,1,1,-
-,-,-,-,-,-,-,II_ARM_F_PSY_SUIT_SET_28,32,1,1,-
-,-,-,-,-,-,-,II_ARM_F_PSY_GAUNTLET_SET_28,62,1,1,-
-,-,-,-,-,-,-,II_ARM_F_PSY_BOOTS_SET_28,109,1,1,-
-,-,-,-,-,-,-,II_ARM_M_PSY_HELMET_SET_28,109,1,1,-
-,-,-,-,-,-,-,II_ARM_M_PSY_SUIT_SET_28,32,1,1,-
-,-,-,-,-,-,-,II_ARM_M_PSY_GAUNTLET_SET_28,62,1,1,-
-,-,-,-,-,-,-,II_ARM_M_PSY_BOOTS_SET_28,109,1,1,-
-,-,-,-,-,-,-,II_ARM_F_ELE_HELMET_SET_31,110,1,1,-
-,-,-,-,-,-,-,II_ARM_F_ELE_SUIT_SET_31,32,1,1,-
-,-,-,-,-,-,-,II_ARM_F_ELE_GAUNTLET_SET_31,62,1,1,-
-,-,-,-,-,-,-,II_ARM_F_ELE_BOOTS_SET_31,109,1,1,-
-,-,-,-,-,-,-,II_ARM_M_ELE_HELMET_SET_31,109,1,1,-
-,-,-,-,-,-,-,II_ARM_M_ELE_SUIT_SET_31,32,1,1,-
-,-,-,-,-,-,-,II_ARM_M_ELE_GAUNTLET_SET_31,62,1,1,-
-,-,-,-,-,-,-,II_ARM_M_ELE_BOOTS_SET_31,109,1,1,-
-,-,-,-,-,-,-,II_ARM_F_KIN_HELMET_SET_32,109,1,1,-
-,-,-,-,-,-,-,II_ARM_F_KIN_SUIT_SET_32,32,1,1,-
-,-,-,-,-,-,-,II_ARM_F_KIN_GAUNTLET_SET_32,62,1,1,-
-,-,-,-,-,-,-,II_ARM_F_KIN_BOOTS_SET_32,110,1,1,-
-,-,-,-,-,-,-,II_ARM_M_KIN_HELMET_SET_32,109,1,1,-
-,-,-,-,-,-,-,II_ARM_M_KIN_SUIT_SET_32,32,1,1,-
-,-,-,-,-,-,-,II_ARM_M_KIN_GAUNTLET_SET_32,62,1,1,-
-,-,-,-,-,-,-,II_ARM_M_KIN_BOOTS_SET_32,109,1,1,-
-,-,-,-,-,-,-,II_ARM_F_BLA_HELMET_SET_32,109,1,1,-
-,-,-,-,-,-,-,II_ARM_F_BLA_SUIT_SET_32,32,1,1,-
-,-,-,-,-,-,-,II_ARM_F_BLA_GAUNTLET_SET_32,62,1,1,-
-,-,-,-,-,-,-,II_ARM_F_BLA_BOOTS_SET_32,109,1,1,-
-,-,-,-,-,-,-,II_ARM_M_BLA_HELMET_SET_32,110,1,1,-
-,-,-,-,-,-,-,II_ARM_M_BLA_SUIT_SET_32,32,1,1,-
-,-,-,-,-,-,-,II_ARM_M_BLA_GAUNTLET_SET_32,62,1,1,-
-,-,-,-,-,-,-,II_ARM_M_BLA_BOOTS_SET_32,109,1,1,-
-,-,-,-,-,-,-,II_ARM_F_JST_HELMET_SET_32,109,1,1,-
-,-,-,-,-,-,-,II_ARM_F_JST_SUIT_SET_32,32,1,1,-
-,-,-,-,-,-,-,II_ARM_F_JST_GAUNTLET_SET_32,62,1,1,-
-,-,-,-,-,-,-,II_ARM_F_JST_BOOTS_SET_32,109,1,1,-
-,-,-,-,-,-,-,II_ARM_M_JST_HELMET_SET_32,109,1,1,-
-,-,-,-,-,-,-,II_ARM_M_JST_SUIT_SET_32,32,1,1,-
-,-,-,-,-,-,-,II_ARM_M_JST_GAUNTLET_SET_32,62,1,1,-
-,-,-,-,-,-,-,II_ARM_M_JST_BOOTS_SET_32,110,1,1,-
-,-,-,-,-,-,-,II_ARM_F_RAG_HELMET_SET_32,109,1,1,-
-,-,-,-,-,-,-,II_ARM_F_RAG_SUIT_SET_32,32,1,1,-
-,-,-,-,-,-,-,II_ARM_F_RAG_GAUNTLET_SET_32,62,1,1,-
-,-,-,-,-,-,-,II_ARM_F_RAG_BOOTS_SET_32,109,1,1,-
-,-,-,-,-,-,-,II_ARM_M_RAG_HELMET_SET_32,109,1,1,-
-,-,-,-,-,-,-,II_ARM_M_RAG_SUIT_SET_32,32,1,1,-
-,-,-,-,-,-,-,II_ARM_M_RAG_GAUNTLET_SET_32,62,1,1,-
-,-,-,-,-,-,-,II_ARM_M_RAG_BOOTS_SET_32,110,1,1,-
-,-,-,-,-,-,-,II_ARM_F_RIN_HELMET_SET_32,109,1,1,-
-,-,-,-,-,-,-,II_ARM_F_RIN_SUIT_SET_32,32,1,1,-
-,-,-,-,-,-,-,II_ARM_F_RIN_GAUNTLET_SET_32,62,1,1,-
-,-,-,-,-,-,-,II_ARM_F_RIN_BOOTS_SET_32,109,1,1,-
-,-,-,-,-,-,-,II_ARM_M_RIN_HELMET_SET_32,109,1,1,-
-,-,-,-,-,-,-,II_ARM_M_RIN_SUIT_SET_32,32,1,1,-
-,-,-,-,-,-,-,II_ARM_M_RIN_GAUNTLET_SET_32,62,1,1,-
-,-,-,-,-,-,-,II_ARM_M_RIN_BOOTS_SET_32,110,1,1,-
-,-,-,-,-,-,-,II_ARM_F_BIL_HELMET_SET_32,109,1,1,-
-,-,-,-,-,-,-,II_ARM_F_BIL_SUIT_SET_32,32,1,1,-
-,-,-,-,-,-,-,II_ARM_F_BIL_GAUNTLET_SET_32,62,1,1,-
-,-,-,-,-,-,-,II_ARM_F_BIL_BOOTS_SET_32,109,1,1,-
-,-,-,-,-,-,-,II_ARM_M_BIL_HELMET_SET_32,109,1,1,-
-,-,-,-,-,-,-,II_ARM_M_BIL_SUIT_SET_32,32,1,1,-
-,-,-,-,-,-,-,II_ARM_M_BIL_GAUNTLET_SET_32,62,1,1,-
-,-,-,-,-,-,-,II_ARM_M_BIL_BOOTS_SET_32,110,1,1,-
-,-,-,-,-,-,-,II_ARM_F_PSY_HELMET_SET_32,109,1,1,-
-,-,-,-,-,-,-,II_ARM_F_PSY_SUIT_SET_32,32,1,1,-
-,-,-,-,-,-,-,II_ARM_F_PSY_GAUNTLET_SET_32,62,1,1,-
-,-,-,-,-,-,-,II_ARM_F_PSY_BOOTS_SET_32,109,1,1,-
-,-,-,-,-,-,-,II_ARM_M_PSY_HELMET_SET_32,110,1,1,-
-,-,-,-,-,-,-,II_ARM_M_PSY_SUIT_SET_32,32,1,1,-
-,-,-,-,-,-,-,II_ARM_M_PSY_GAUNTLET_SET_32,62,1,1,-
-,-,-,-,-,-,-,II_ARM_M_PSY_BOOTS_SET_32,109,1,1,-
-,-,-,-,-,-,-,II_ARM_F_ELE_HELMET_SET_32,110,1,1,-
-,-,-,-,-,-,-,II_ARM_F_ELE_SUIT_SET_32,32,1,1,-
-,-,-,-,-,-,-,II_ARM_F_ELE_GAUNTLET_SET_32,62,1,1,-
-,-,-,-,-,-,-,II_ARM_F_ELE_BOOTS_SET_32,110,1,1,-
-,-,-,-,-,-,-,II_ARM_M_ELE_HELMET_SET_32,110,1,1,-
-,-,-,-,-,-,-,II_ARM_M_ELE_SUIT_SET_32,32,1,1,-
-,-,-,-,-,-,-,II_ARM_M_ELE_GAUNTLET_SET_32,62,1,1,-
-,-,-,-,-,-,-,II_ARM_M_ELE_BOOTS_SET_32,109,1,1,-
53,6,12,2010-03-03 10:00,3000-01-01 12:00,-,-,-,-,-,-,-
-,-,-,-,-,ETC,333,-,-,-,-,-
-,-,-,-,-,-,-,II_GEN_POT_DRI_VITAL100,10000,1,1,-
54,13,28,2010-03-03 10:00,3000-01-01 12:00,-,-,-,-,-,-,-
-,-,-,-,-,ETC,233,-,-,-,-,-
-,-,-,-,-,-,-,II_GEN_POT_DRI_VITAL200,10000,1,1,-
55,29,32,2010-03-03 10:00,3000-01-01 12:00,-,-,-,-,-,-,-
-,-,-,-,-,ETC,233,-,-,-,-,-
-,-,-,-,-,-,-,II_GEN_POT_DRI_VITAL300,10000,1,1,-
56,33,39,2010-03-03 10:00,3000-01-01 12:00,-,-,-,-,-,-,-
-,-,-,-,-,ETC,233,-,-,-,-,-
-,-,-,-,-,-,-,II_GEN_POT_DRI_VITAL400,10000,1,1,-
57,40,52,2010-03-03 10:00,3000-01-01 12:00,-,-,-,-,-,-,-
-,-,-,-,-,ETC,233,-,-,-,-,-
-,-,-,-,-,-,-,II_GEN_POT_DRI_VITAL500,10000,1,1,-
58,53,59,2010-03-03 10:00,3000-01-01 12:00,-,-,-,-,-,-,-
-,-,-,-,-,ETC,233,-,-,-,-,-
-,-,-,-,-,-,-,II_GEN_POT_DRI_VITAL600,10000,1,1,-
59,60,69,2010-03-03 10:00,3000-01-01 12:00,-,-,-,-,-,-,-
-,-,-,-,-,ETC,233,-,-,-,-,-
-,-,-,-,-,-,-,II_GEN_POT_DRI_VITAL700,10000,1,1,-
60,70,130,2010-03-03 10:00,3000-01-01 12:00,-,-,-,-,-,-,-
-,-,-,-,-,ETC,233,-,-,-,-,-
-,-,-,-,-,-,-,II_GEN_POT_DRI_VITAL800,10000,1,1,-
61,131,160,2010-03-03 10:00,3000-01-01 12:00,-,-,-,-,-,-,-
-,-,-,-,-,ETC,233,-,-,-,-,-
-,-,-,-,-,-,-,II_GEN_POT_DRI_VITAL900,10000,1,1,-
62,12,13,2010-03-03 10:00,3000-01-01 12:00,-,-,-,-,-,-,-
-,-,-,-,-,ETC,1000,-,-,-,-,-
-,-,-,-,-,-,-,II_GEN_REF_REF_FIRST,10000,1,1,-
63,14,18,2010-03-03 10:00,3000-01-01 12:00,-,-,-,-,-,-,-
-,-,-,-,-,ETC,667,-,-,-,-,-
-,-,-,-,-,-,-,II_GEN_REF_REF_SECOND,10000,1,1,-
64,19,20,2010-03-03 10:00,3000-01-01 12:00,-,-,-,-,-,-,-
-,-,-,-,-,ETC,667,-,-,-,-,-
-,-,-,-,-,-,-,II_GEN_REF_REF_THIRD,10000,1,1,-
65,21,24,2010-03-03 10:00,3000-01-01 12:00,-,-,-,-,-,-,-
-,-,-,-,-,ETC,667,-,-,-,-,-
-,-,-,-,-,-,-,II_GEN_REF_REF_FOUTH,10000,1,1,-
66,25,46,2010-03-03 10:00,3000-01-01 12:00,-,-,-,-,-,-,-
-,-,-,-,-,ETC,667,-,-,-,-,-
-,-,-,-,-,-,-,II_GEN_REF_REF_FIFTH,10000,1,1,-
67,47,56,2010-03-03 10:00,3000-01-01 12:00,-,-,-,-,-,-,-
-,-,-,-,-,ETC,667,-,-,-,-,-
-,-,-,-,-,-,-,II_GEN_REF_REF_SIXTH,10000,1,1,-
68,57,69,2010-03-03 10:00,3000-01-01 12:00,-,-,-,-,-,-,-
-,-,-,-,-,ETC,667,-,-,-,-,-
-,-,-,-,-,-,-,II_GEN_REF_REF_SEVENTH,10000,1,1,-
69,70,130,2010-03-03 10:00,3000-01-01 12:00,-,-,-,-,-,-,-
-,-,-,-,-,ETC,667,-,-,-,-,-
-,-,-,-,-,-,-,II_GEN_REF_REF_EIGHTH,10000,1,1,-
70,131,160,2010-03-03 10:00,3000-01-01 12:00,-,-,-,-,-,-,-
-,-,-,-,-,ETC,667,-,-,-,-,-
-,-,-,-,-,-,-,II_GEN_REF_REF_NINTH,10000,1,1,-
71,1,4,2010-03-03 10:00,3000-01-01 12:00,-,-,-,-,-,-,-
-,-,-,-,-,ETC,2333,-,-,-,-,-
-,-,-,-,-,-,-,II_GEN_FOO_INS_LOLLIPOP,10000,1,1,-
72,9,14,2010-03-03 10:00,3000-01-01 12:00,-,-,-,-,-,-,-
-,-,-,-,-,ETC,1667,-,-,-,-,-
-,-,-,-,-,-,-,II_GEN_FOO_INS_BISCUIT,10000,1,1,-
73,21,24,2010-03-03 10:00,3000-01-01 12:00,-,-,-,-,-,-,-
-,-,-,-,-,ETC,1667,-,-,-,-,-
-,-,-,-,-,-,-,II_GEN_FOO_INS_CHOCOLATE,10000,1,1,-
74,31,34,2010-03-03 10:00,3000-01-01 12:00,-,-,-,-,-,-,-
-,-,-,-,-,ETC,1667,-,-,-,-,-
-,-,-,-,-,-,-,II_GEN_FOO_INS_MILK,10000,1,1,-
75,39,44,2010-03-03 10:00,3000-01-01 12:00,-,-,-,-,-,-,-
-,-,-,-,-,ETC,1667,-,-,-,-,-
-,-,-,-,-,-,-,II_GEN_FOO_INS_BREAD,10000,1,1,-
76,51,56,2010-03-03 10:00,3000-01-01 12:00,-,-,-,-,-,-,-
-,-,-,-,-,ETC,1667,-,-,-,-,-
-,-,-,-,-,-,-,II_GEN_FOO_INS_HOTDOG,10000,1,1,-
77,63,66,2010-03-03 10:00,3000-01-01 12:00,-,-,-,-,-,-,-
-,-,-,-,-,ETC,1667,-,-,-,-,-
-,-,-,-,-,-,-,II_GEN_FOO_INS_HODDUK,10000,1,1,-
78,3,10,2010-03-03 10:00,3000-01-01 12:00,-,-,-,-,-,-,-
-,-,-,-,-,ETC,1667,-,-,-,-,-
-,-,-,-,-,-,-,II_GEN_FOO_ICE_ORANGEJUIICE,10000,1,1,-
79,11,20,2010-03-03 10:00,3000-01-01 12:00,-,-,-,-,-,-,-
-,-,-,-,-,ETC,1333,-,-,-,-,-
-,-,-,-,-,-,-,II_GEN_FOO_ICE_STRAWBERRYSHAKE,10000,1,1,-
80,39,44,2010-03-03 10:00,3000-01-01 12:00,-,-,-,-,-,-,-
-,-,-,-,-,ETC,1333,-,-,-,-,-
-,-,-,-,-,-,-,II_GEN_FOO_ICE_FRUITJUICE,10000,1,1,-
81,49,52,2010-03-03 10:00,3000-01-01 12:00,-,-,-,-,-,-,-
-,-,-,-,-,ETC,1333,-,-,-,-,-
-,-,-,-,-,-,-,II_GEN_FOO_ICE_FRUITICEWATER,10000,1,1,-
82,59,66,2010-03-03 10:00,3000-01-01 12:00,-,-,-,-,-,-,-
-,-,-,-,-,ETC,1333,-,-,-,-,-
-,-,-,-,-,-,-,II_GEN_FOO_ICE_FRUITPARFAIT,10000,1,1,-
83,67,70,2010-03-03 10:00,3000-01-01 12:00,-,-,-,-,-,-,-
-,-,-,-,-,ETC,1333,-,-,-,-,-
-,-,-,-,-,-,-,II_GEN_FOO_ICE_FRUITSHERBET,10000,1,1,-
84,71,130,2010-03-03 10:00,3000-01-01 12:00,-,-,-,-,-,-,-
-,-,-,-,-,ETC,1333,-,-,-,-,-
-,-,-,-,-,-,-,II_GEN_FOO_ICE_ICECREAMCAKE,10000,1,1,-
85,85,130,2010-03-03 10:00,3000-01-01 12:00,-,-,-,-,-,-,-
-,-,-,-,-,WEAPON,6,-,-,-,-,-
-,-,-,-,-,-,-,II_WEA_SWO_EMERYL,164,1,1,-
-,-,-,-,-,-,-,II_WEA_SWO_CHAINSING,164,1,1,-
-,-,-,-,-,-,-,II_WEA_SWO_HARPION,164,1,1,-
-,-,-,-,-,-,-,II_WEA_SWO_SMITER,164,1,1,-
-,-,-,-,-,-,-,II_WEA_SWO_SHADEVING,164,1,1,-
-,-,-,-,-,-,-,II_WEA_SWO_HOTTER,164,1,1,-
-,-,-,-,-,-,-,II_WEA_SWT_KALEON,164,1,1,-
-,-,-,-,-,-,-,II_WEA_SWT_GOOTNI,164,1,1,-
-,-,-,-,-,-,-,II_WEA_SWT_HAUNTI,164,1,1,-
-,-,-,-,-,-,-,II_WEA_SWT_CLOCKS,164,1,1,-
-,-,-,-,-,-,-,II_WEA_WAN_TARIS,164,1,1,-
-,-,-,-,-,-,-,II_WEA_WAN_JALATE,164,1,1,-
-,-,-,-,-,-,-,II_WEA_WAN_KRORIL,164,1,1,-
-,-,-,-,-,-,-,II_WEA_WAN_REKIS,164,1,1,-
-,-,-,-,-,-,-,II_WEA_WAN_DARIS,164,1,1,-
-,-,-,-,-,-,-,II_WEA_WAN_LORAI,164,1,1,-
-,-,-,-,-,-,-,II_WEA_CHEE_SHINEWING,164,1,1,-
-,-,-,-,-,-,-,II_WEA_CHEE_SHALOW,164,1,1,-
-,-,-,-,-,-,-,II_WEA_CHEE_PREDE,164,1,1,-
-,-,-,-,-,-,-,II_WEA_CHEE_LEOSS,164,1,1,-
-,-,-,-,-,-,-,II_WEA_CHEE_FORLAS,164,1,1,-
-,-,-,-,-,-,-,II_WEA_CHEE_SHAIT,164,1,1,-
-,-,-,-,-,-,-,II_WEA_CHEE_GARLAIN,164,1,1,-
-,-,-,-,-,-,-,II_WEA_AXE_SHAKYFIN,164,1,1,-
-,-,-,-,-,-,-,II_WEA_AXE_HITCH,164,1,1,-
-,-,-,-,-,-,-,II_WEA_AXE_CATCHY,164,1,1,-
-,-,-,-,-,-,-,II_WEA_AXE_FELLPEED,164,1,1,-
-,-,-,-,-,-,-,II_WEA_AXE_DARCRO,164,1,1,-
-,-,-,-,-,-,-,II_WEA_AXE_WATURAN,164,1,1,-
-,-,-,-,-,-,-,II_WEA_AXE_LICHIKY,164,1,1,-
-,-,-,-,-,-,-,II_WEA_AXT_KANAIN,164,1,1,-
-,-,-,-,-,-,-,II_WEA_AXT_ORCANI,164,1,1,-
-,-,-,-,-,-,-,II_WEA_AXT_LINITI,164,1,1,-
-,-,-,-,-,-,-,II_WEA_AXE_HARDIN,164,1,1,-
-,-,-,-,-,-,-,II_WEA_STA_FEATHERWING,164,1,1,-
-,-,-,-,-,-,-,II_WEA_STA_HOLYOUS,164,1,1,-
-,-,-,-,-,-,-,II_WEA_STA_PORTEL,164,1,1,-
-,-,-,-,-,-,-,II_WEA_STA_MARINER,164,1,1,-
-,-,-,-,-,-,-,II_WEA_STA_REMODIC,164,1,1,-
-,-,-,-,-,-,-,II_WEA_STA_ELFYREN,164,1,1,-
-,-,-,-,-,-,-,II_WEA_STA_FOSHARPEN,164,1,1,-
-,-,-,-,-,-,-,II_WEA_KNU_SKELLOCK,164,1,1,-
-,-,-,-,-,-,-,II_WEA_KNU_GOLDROSS,164,1,1,-
-,-,-,-,-,-,-,II_WEA_KNU_BLESEVER,164,1,1,-
-,-,-,-,-,-,-,II_WEA_KNU_MUNCUTO,164,1,1,-
-,-,-,-,-,-,-,II_WEA_KNU_FEDERHOM,164,1,1,-
-,-,-,-,-,-,-,II_WEA_KNU_KNIGHTEEL,164,1,1,-
-,-,-,-,-,-,-,II_WEA_KNU_LORDORBL,164,1,1,-
-,-,-,-,-,-,-,II_WEA_YOY_MISHEN,164,1,1,-
-,-,-,-,-,-,-,II_WEA_YOY_SLINFE,164,1,1,-
-,-,-,-,-,-,-,II_WEA_YOY_AKANE,164,1,1,-
-,-,-,-,-,-,-,II_WEA_YOY_CLANTO,164,1,1,-
-,-,-,-,-,-,-,II_WEA_YOY_ENAPHO,164,1,1,-
-,-,-,-,-,-,-,II_WEA_YOY_CORONE,164,1,1,-
-,-,-,-,-,-,-,II_WEA_BOW_CENATI,164,1,1,-
-,-,-,-,-,-,-,II_WEA_BOW_CYRON,164,1,1,-
-,-,-,-,-,-,-,II_WEA_BOW_SIONIC,164,1,1,-
-,-,-,-,-,-,-,II_WEA_BOW_REGEN,163,1,1,-
-,-,-,-,-,-,-,II_WEA_BOW_FIONT,163,1,1,-
-,-,-,-,-,-,-,II_WEA_BOW_BROUTO,163,1,1,-
-,-,-,-,-,-,-,II_WEA_BOW_SEVOY,163,1,1,-
86,21,40,2010-03-03 10:00,3000-01-01 12:00,-,-,-,-,-,-,-
-,-,-,-,-,ETC,26,-,-,-,-,-
-,-,-,-,-,-,-,II_SYS_VIS_LV1_STR,200,1,1,-
-,-,-,-,-,-,-,II_SYS_VIS_LV1_DEX,200,1,1,-
-,-,-,-,-,-,-,II_SYS_VIS_LV1_INT,200,1,1,-
-,-,-,-,-,-,-,II_SYS_VIS_LV1_STA,200,1,1,-
-,-,-,-,-,-,-,II_SYS_VIS_LV1_DMG,200,1,1,-
-,-,-,-,-,-,-,II_SYS_VIS_LV1_SPELLRATE,200,1,1,-
-,-,-,-,-,-,-,II_SYS_VIS_LV1_CRIRATE,200,1,1,-
-,-,-,-,-,-,-,II_SYS_VIS_LV1_BLOMELEE,200,1,1,-
-,-,-,-,-,-,-,II_SYS_VIS_LV1_BLRANGE,200,1,1,-
-,-,-,-,-,-,-,II_SYS_VIS_LV1_CRITICAL,200,1,1,-
-,-,-,-,-,-,-,II_SYS_VIS_LV1_SPEED,200,1,1,-
-,-,-,-,-,-,-,II_SYS_VIS_LV1_HITRATE,200,1,1,-
-,-,-,-,-,-,-,II_SYS_VIS_LV1_ATKSPEED,200,1,1,-
-,-,-,-,-,-,-,II_SYS_VIS_LV1_ATKPOWER,200,1,1,-
-,-,-,-,-,-,-,II_SYS_VIS_LV1_ADJDEF,200,1,1,-
-,-,-,-,-,-,-,II_SYS_VIS_LV1_ADDMAGIC,200,1,1,-
-,-,-,-,-,-,-,II_SYS_VIS_LV1_PARRY,200,1,1,-
-,-,-,-,-,-,-,II_SYS_VIS_LV1_HPMAX,200,1,1,-
-,-,-,-,-,-,-,II_SYS_VIS_LV1_KILLHP,200,1,1,-
-,-,-,-,-,-,-,II_GEN_MAT_CIDPIEC01,210,1,1,-
-,-,-,-,-,-,-,II_GEN_MAT_CIDPIECE02,488,1,1,-
-,-,-,-,-,-,-,II_GEN_MAT_CIDPIECE03,1134,1,1,-
-,-,-,-,-,-,-,II_GEN_MAT_CIDPIECE04,1729,1,1,-
-,-,-,-,-,-,-,II_GEN_MAT_CIDPIECE05,2639,1,1,-
87,41,60,2010-03-03 10:00,3000-01-01 12:00,-,-,-,-,-,-,-
-,-,-,-,-,ETC,41,-,-,-,-,-
-,-,-,-,-,-,-,II_SYS_VIS_LV1_STR,305,1,1,-
-,-,-,-,-,-,-,II_SYS_VIS_LV1_DEX,305,1,1,-
-,-,-,-,-,-,-,II_SYS_VIS_LV1_INT,305,1,1,-
-,-,-,-,-,-,-,II_SYS_VIS_LV1_STA,305,1,1,-
-,-,-,-,-,-,-,II_SYS_VIS_LV1_DMG,305,1,1,-
-,-,-,-,-,-,-,II_SYS_VIS_LV1_SPELLRATE,305,1,1,-
-,-,-,-,-,-,-,II_SYS_VIS_LV1_CRIRATE,305,1,1,-
-,-,-,-,-,-,-,II_SYS_VIS_LV1_BLOMELEE,305,1,1,-
-,-,-,-,-,-,-,II_SYS_VIS_LV1_BLRANGE,305,1,1,-
-,-,-,-,-,-,-,II_SYS_VIS_LV1_CRITICAL,305,1,1,-
-,-,-,-,-,-,-,II_SYS_VIS_LV1_SPEED,305,1,1,-
-,-,-,-,-,-,-,II_SYS_VIS_LV1_HITRATE,305,1,1,-
-,-,-,-,-,-,-,II_SYS_VIS_LV1_ATKSPEED,305,1,1,-
-,-,-,-,-,-,-,II_SYS_VIS_LV1_ATKPOWER,305,1,1,-
-,-,-,-,-,-,-,II_SYS_VIS_LV1_ADJDEF,305,1,1,-
-,-,-,-,-,-,-,II_SYS_VIS_LV1_ADDMAGIC,305,1,1,-
-,-,-,-,-,-,-,II_SYS_VIS_LV1_PARRY,305,1,1,-
-,-,-,-,-,-,-,II_SYS_VIS_LV1_HPMAX,305,1,1,-
-,-,-,-,-,-,-,II_SYS_VIS_LV1_KILLHP,305,1,1,-
-,-,-,-,-,-,-,II_GEN_MAT_CIDPIEC01,142,1,1,-
-,-,-,-,-,-,-,II_GEN_MAT_CIDPIECE02,330,1,1,-
-,-,-,-,-,-,-,II_GEN_MAT_CIDPIECE03,768,1,1,-
-,-,-,-,-,-,-,II_GEN_MAT_CIDPIECE04,1171,1,1,-
-,-,-,-,-,-,-,II_GEN_MAT_CIDPIECE05,1794,1,1,-
88,61,80,2010-03-03 10:00,3000-01-01 12:00,-,-,-,-,-,-,-
-,-,-,-,-,ETC,67,-,-,-,-,-
-,-,-,-,-,-,-,II_SYS_VIS_LV1_STR,374,1,1,-
-,-,-,-,-,-,-,II_SYS_VIS_LV1_DEX,374,1,1,-
-,-,-,-,-,-,-,II_SYS_VIS_LV1_INT,374,1,1,-
-,-,-,-,-,-,-,II_SYS_VIS_LV1_STA,374,1,1,-
-,-,-,-,-,-,-,II_SYS_VIS_LV1_DMG,374,1,1,-
-,-,-,-,-,-,-,II_SYS_VIS_LV1_SPELLRATE,374,1,1,-
-,-,-,-,-,-,-,II_SYS_VIS_LV1_CRIRATE,374,1,1,-
-,-,-,-,-,-,-,II_SYS_VIS_LV1_BLOMELEE,374,1,1,-
-,-,-,-,-,-,-,II_SYS_VIS_LV1_BLRANGE,374,1,1,-
-,-,-,-,-,-,-,II_SYS_VIS_LV1_CRITICAL,374,1,1,-
-,-,-,-,-,-,-,II_SYS_VIS_LV1_SPEED,374,1,1,-
-,-,-,-,-,-,-,II_SYS_VIS_LV1_HITRATE,374,1,1,-
-,-,-,-,-,-,-,II_SYS_VIS_LV1_ATKSPEED,374,1,1,-
-,-,-,-,-,-,-,II_SYS_VIS_LV1_ATKPOWER,374,1,1,-
-,-,-,-,-,-,-,II_SYS_VIS_LV1_ADJDEF,374,1,1,-
-,-,-,-,-,-,-,II_SYS_VIS_LV1_ADDMAGIC,374,1,1,-
-,-,-,-,-,-,-,II_SYS_VIS_LV1_PARRY,374,1,1,-
-,-,-,-,-,-,-,II_SYS_VIS_LV1_HPMAX,374,1,1,-
-,-,-,-,-,-,-,II_SYS_VIS_LV1_KILLHP,374,1,1,-
-,-,-,-,-,-,-,II_GEN_MAT_CIDPIEC01,98,1,1,-
-,-,-,-,-,-,-,II_GEN_MAT_CIDPIECE02,228,1,1,-
-,-,-,-,-,-,-,II_GEN_MAT_CIDPIECE03,530,1,1,-
-,-,-,-,-,-,-,II_GEN_MAT_CIDPIECE04,808,1,1,-
-,-,-,-,-,-,-,II_GEN_MAT_CIDPIECE05,1230,1,1,-
89,81,100,2010-03-03 10:00,3000-01-01 12:00,-,-,-,-,-,-,-
-,-,-,-,-,ETC,117,-,-,-,-,-
-,-,-,-,-,-,-,II_SYS_VIS_LV1_STR,426,1,1,-
-,-,-,-,-,-,-,II_SYS_VIS_LV1_DEX,426,1,1,-
-,-,-,-,-,-,-,II_SYS_VIS_LV1_INT,426,1,1,-
-,-,-,-,-,-,-,II_SYS_VIS_LV1_STA,426,1,1,-
-,-,-,-,-,-,-,II_SYS_VIS_LV1_DMG,426,1,1,-
-,-,-,-,-,-,-,II_SYS_VIS_LV1_SPELLRATE,426,1,1,-
-,-,-,-,-,-,-,II_SYS_VIS_LV1_CRIRATE,426,1,1,-
-,-,-,-,-,-,-,II_SYS_VIS_LV1_BLOMELEE,426,1,1,-
-,-,-,-,-,-,-,II_SYS_VIS_LV1_BLRANGE,426,1,1,-
-,-,-,-,-,-,-,II_SYS_VIS_LV1_CRITICAL,426,1,1,-
-,-,-,-,-,-,-,II_SYS_VIS_LV1_SPEED,426,1,1,-
-,-,-,-,-,-,-,II_SYS_VIS_LV1_HITRATE,426,1,1,-
-,-,-,-,-,-,-,II_SYS_VIS_LV1_ATKSPEED,426,1,1,-
-,-,-,-,-,-,-,II_SYS_VIS_LV1_ATKPOWER,426,1,1,-
-,-,-,-,-,-,-,II_SYS_VIS_LV1_ADJDEF,426,1,1,-
-,-,-,-,-,-,-,II_SYS_VIS_LV1_ADDMAGIC,426,1,1,-
-,-,-,-,-,-,-,II_SYS_VIS_LV1_PARRY,426,1,1,-
-,-,-,-,-,-,-,II_SYS_VIS_LV1_HPMAX,426,1,1,-
-,-,-,-,-,-,-,II_SYS_VIS_LV1_KILLHP,426,1,1,-
-,-,-,-,-,-,-,II_GEN_MAT_CIDPIEC01,64,1,1,-
-,-,-,-,-,-,-,II_GEN_MAT_CIDPIECE02,149,1,1,-
-,-,-,-,-,-,-,II_GEN_MAT_CIDPIECE03,347,1,1,-
-,-,-,-,-,-,-,II_GEN_MAT_CIDPIECE04,529,1,1,-
-,-,-,-,-,-,-,II_GEN_MAT_CIDPIECE05,817,1,1,-
90,101,130,2010-03-03 10:00,3000-01-01 12:00,-,-,-,-,-,-,-
-,-,-,-,-,ETC,168,-,-,-,-,-
-,-,-,-,-,-,-,II_SYS_VIS_LV1_STR,449,1,1,-
-,-,-,-,-,-,-,II_SYS_VIS_LV1_DEX,449,1,1,-
-,-,-,-,-,-,-,II_SYS_VIS_LV1_INT,449,1,1,-
-,-,-,-,-,-,-,II_SYS_VIS_LV1_STA,449,1,1,-
-,-,-,-,-,-,-,II_SYS_VIS_LV1_DMG,449,1,1,-
-,-,-,-,-,-,-,II_SYS_VIS_LV1_SPELLRATE,449,1,1,-
-,-,-,-,-,-,-,II_SYS_VIS_LV1_CRIRATE,449,1,1,-
-,-,-,-,-,-,-,II_SYS_VIS_LV1_BLOMELEE,449,1,1,-
-,-,-,-,-,-,-,II_SYS_VIS_LV1_BLRANGE,449,1,1,-
-,-,-,-,-,-,-,II_SYS_VIS_LV1_CRITICAL,449,1,1,-
-,-,-,-,-,-,-,II_SYS_VIS_LV1_SPEED,449,1,1,-
-,-,-,-,-,-,-,II_SYS_VIS_LV1_HITRATE,449,1,1,-
-,-,-,-,-,-,-,II_SYS_VIS_LV1_ATKSPEED,449,1,1,-
-,-,-,-,-,-,-,II_SYS_VIS_LV1_ATKPOWER,449,1,1,-
-,-,-,-,-,-,-,II_SYS_VIS_LV1_ADJDEF,449,1,1,-
-,-,-,-,-,-,-,II_SYS_VIS_LV1_ADDMAGIC,449,1,1,-
-,-,-,-,-,-,-,II_SYS_VIS_LV1_PARRY,449,1,1,-
-,-,-,-,-,-,-,II_SYS_VIS_LV1_HPMAX,449,1,1,-
-,-,-,-,-,-,-,II_SYS_VIS_LV1_KILLHP,449,1,1,-
-,-,-,-,-,-,-,II_GEN_MAT_CIDPIEC01,50,1,1,-
-,-,-,-,-,-,-,II_GEN_MAT_CIDPIECE02,116,1,1,-
-,-,-,-,-,-,-,II_GEN_MAT_CIDPIECE03,269,1,1,-
-,-,-,-,-,-,-,II_GEN_MAT_CIDPIECE04,410,1,1,-
-,-,-,-,-,-,-,II_GEN_MAT_CIDPIECE05,624,1,1,-
91,131,160,2010-03-03 10:00,3000-01-01 12:00,-,-,-,-,-,-,-
-,-,-,-,-,ETC,242,-,-,-,-,-
-,-,-,-,-,-,-,II_SYS_VIS_LV1_STR,466,1,1,-
-,-,-,-,-,-,-,II_SYS_VIS_LV1_DEX,466,1,1,-
-,-,-,-,-,-,-,II_SYS_VIS_LV1_INT,466,1,1,-
-,-,-,-,-,-,-,II_SYS_VIS_LV1_STA,466,1,1,-
-,-,-,-,-,-,-,II_SYS_VIS_LV1_DMG,466,1,1,-
-,-,-,-,-,-,-,II_SYS_VIS_LV1_SPELLRATE,466,1,1,-
-,-,-,-,-,-,-,II_SYS_VIS_LV1_CRIRATE,466,1,1,-
-,-,-,-,-,-,-,II_SYS_VIS_LV1_BLOMELEE,466,1,1,-
-,-,-,-,-,-,-,II_SYS_VIS_LV1_BLRANGE,466,1,1,-
-,-,-,-,-,-,-,II_SYS_VIS_LV1_CRITICAL,466,1,1,-
-,-,-,-,-,-,-,II_SYS_VIS_LV1_SPEED,466,1,1,-
-,-,-,-,-,-,-,II_SYS_VIS_LV1_HITRATE,466,1,1,-
-,-,-,-,-,-,-,II_SYS_VIS_LV1_ATKSPEED,466,1,1,-
-,-,-,-,-,-,-,II_SYS_VIS_LV1_ATKPOWER,466,1,1,-
-,-,-,-,-,-,-,II_SYS_VIS_LV1_ADJDEF,465,1,1,-
-,-,-,-,-,-,-,II_SYS_VIS_LV1_ADDMAGIC,465,1,1,-
-,-,-,-,-,-,-,II_SYS_VIS_LV1_PARRY,465,1,1,-
-,-,-,-,-,-,-,II_SYS_VIS_LV1_HPMAX,465,1,1,-
-,-,-,-,-,-,-,II_SYS_VIS_LV1_KILLHP,465,1,1,-
-,-,-,-,-,-,-,II_GEN_MAT_CIDPIEC01,40,1,1,-
-,-,-,-,-,-,-,II_GEN_MAT_CIDPIECE02,91,1,1,-
-,-,-,-,-,-,-,II_GEN_MAT_CIDPIECE03,210,1,1,-
-,-,-,-,-,-,-,II_GEN_MAT_CIDPIECE04,320,1,1,-
-,-,-,-,-,-,-,II_GEN_MAT_CIDPIECE05,490,1,1,-
92,1,7,2010-03-03 10:00,3000-01-01 12:00,-,-,-,-,-,-,-
-,-,-,-,-,WEAPON,915,-,-,-,-,-
-,-,-,-,-,-,-,II_WEA_SWO_WOODEN,5000,1,1,-
-,-,-,-,-,-,-,II_WEA_SWO_LONG,5000,1,1,-
93,8,11,2010-03-03 10:00,3000-01-01 12:00,-,-,-,-,-,-,-
-,-,-,-,-,WEAPON,900,-,-,-,-,-
-,-,-,-,-,-,-,II_WEA_SWO_HANDCLAW,5000,1,1,-
-,-,-,-,-,-,-,II_WEA_AXE_RODNEY,2500,1,1,-
-,-,-,-,-,-,-,II_WEA_SWO_HANDCLAW,2500,1,1,-
94,12,16,2010-03-03 10:00,3000-01-01 12:00,-,-,-,-,-,-,-
-,-,-,-,-,WEAPON,219,-,-,-,-,-
-,-,-,-,-,-,-,II_WEA_AXE_RODNEY,2500,1,1,-
-,-,-,-,-,-,-,II_WEA_SWO_PARMIL,2500,1,1,-
-,-,-,-,-,-,-,II_WEA_SWO_PARMIL,2500,1,1,-
-,-,-,-,-,-,-,II_WEA_AXE_MORROW,1250,1,1,-
-,-,-,-,-,-,-,II_WEA_SWO_CRIMSON,1250,1,1,-
95,17,23,2010-03-03 10:00,3000-01-01 12:00,-,-,-,-,-,-,-
-,-,-,-,-,WEAPON,160,-,-,-,-,-
-,-,-,-,-,-,-,II_WEA_AXE_MORROW,556,1,1,-
-,-,-,-,-,-,-,II_WEA_AXE_CURNING,556,1,1,-
-,-,-,-,-,-,-,II_WEA_AXE_SHYADIN,556,1,1,-
-,-,-,-,-,-,-,II_WEA_BOW_WOODNE,556,1,1,-
-,-,-,-,-,-,-,II_WEA_BOW_GREENT,556,1,1,-
-,-,-,-,-,-,-,II_WEA_CHEE_PLIM,556,1,1,-
-,-,-,-,-,-,-,II_WEA_CHEE_SCULL,556,1,1,-
-,-,-,-,-,-,-,II_WEA_KNU_OVERAM,556,1,1,-
-,-,-,-,-,-,-,II_WEA_KNU_SARDINE,556,1,1,-
-,-,-,-,-,-,-,II_WEA_STA_MILE,556,1,1,-
-,-,-,-,-,-,-,II_WEA_STA_NILE,555,1,1,-
-,-,-,-,-,-,-,II_WEA_SWO_CRIMSON,555,1,1,-
-,-,-,-,-,-,-,II_WEA_SWO_PETAL,555,1,1,-
-,-,-,-,-,-,-,II_WEA_SWO_BLINK,555,1,1,-
-,-,-,-,-,-,-,II_WEA_WAN_SEAL,555,1,1,-
-,-,-,-,-,-,-,II_WEA_WAN_CUBIC,555,1,1,-
-,-,-,-,-,-,-,II_WEA_YOY_ITUN,555,1,1,-
-,-,-,-,-,-,-,II_WEA_YOY_SLEPIN,555,1,1,-
96,24,28,2010-03-03 10:00,3000-01-01 12:00,-,-,-,-,-,-,-
-,-,-,-,-,WEAPON,123,-,-,-,-,-
-,-,-,-,-,-,-,II_WEA_AXE_BRONZE,1250,1,1,-
-,-,-,-,-,-,-,II_WEA_BOW_STIENG,1250,1,1,-
-,-,-,-,-,-,-,II_WEA_CHEE_HUEY,1250,1,1,-
-,-,-,-,-,-,-,II_WEA_KNU_TWIT,1250,1,1,-
-,-,-,-,-,-,-,II_WEA_STA_INNER,1250,1,1,-
-,-,-,-,-,-,-,II_WEA_SWO_OUTLAW,1250,1,1,-
-,-,-,-,-,-,-,II_WEA_WAN_EPI,1250,1,1,-
-,-,-,-,-,-,-,II_WEA_YOY_CLIENT,1250,1,1,-
97,29,35,2010-03-03 10:00,3000-01-01 12:00,-,-,-,-,-,-,-
-,-,-,-,-,WEAPON,86,-,-,-,-,-
-,-,-,-,-,-,-,II_WEA_AXE_GRANG,625,1,1,-
-,-,-,-,-,-,-,II_WEA_AXE_DRONE,625,1,1,-
-,-,-,-,-,-,-,II_WEA_BOW_CLASEM,625,1,1,-
-,-,-,-,-,-,-,II_WEA_BOW_REDIAN,625,1,1,-
-,-,-,-,-,-,-,II_WEA_CHEE_KUDOS,625,1,1,-
-,-,-,-,-,-,-,II_WEA_CHEE_SAYRAM,625,1,1,-
-,-,-,-,-,-,-,II_WEA_KNU_XENO,625,1,1,-
-,-,-,-,-,-,-,II_WEA_KNU_SIDE,625,1,1,-
-,-,-,-,-,-,-,II_WEA_STA_HERALD,625,1,1,-
-,-,-,-,-,-,-,II_WEA_STA_ADDSELF,625,1,1,-
-,-,-,-,-,-,-,II_WEA_SWO_FAIRSLENDER,625,1,1,-
-,-,-,-,-,-,-,II_WEA_SWO_CLIP,625,1,1,-
-,-,-,-,-,-,-,II_WEA_WAN_NIZ,625,1,1,-
-,-,-,-,-,-,-,II_WEA_WAN_RUBY,625,1,1,-
-,-,-,-,-,-,-,II_WEA_YOY_TENSU,625,1,1,-
-,-,-,-,-,-,-,II_WEA_YOY_EMPORE,625,1,1,-
98,36,41,2010-03-03 10:00,3000-01-01 12:00,-,-,-,-,-,-,-
-,-,-,-,-,WEAPON,55,-,-,-,-,-
-,-,-,-,-,-,-,II_WEA_AXE_PROEM,1250,1,1,-
-,-,-,-,-,-,-,II_WEA_BOW_CRISTI,1250,1,1,-
-,-,-,-,-,-,-,II_WEA_CHEE_SAINT,1250,1,1,-
-,-,-,-,-,-,-,II_WEA_KNU_TALIN,1250,1,1,-
-,-,-,-,-,-,-,II_WEA_STA_SIGN,1250,1,1,-
-,-,-,-,-,-,-,II_WEA_SWO_TAO,1250,1,1,-
-,-,-,-,-,-,-,II_WEA_WAN_KALIS,1250,1,1,-
-,-,-,-,-,-,-,II_WEA_YOY_DICEIN,1250,1,1,-
99,42,61,2010-03-03 10:00,3000-01-01 12:00,-,-,-,-,-,-,-
-,-,-,-,-,WEAPON,28,-,-,-,-,-
-,-,-,-,-,-,-,II_WEA_AXE_CORIN,625,1,1,-
-,-,-,-,-,-,-,II_WEA_AXE_CROW,625,1,1,-
-,-,-,-,-,-,-,II_WEA_BOW_IRUN,625,1,1,-
-,-,-,-,-,-,-,II_WEA_BOW_REFOME,625,1,1,-
-,-,-,-,-,-,-,II_WEA_CHEE_FLURY,625,1,1,-
-,-,-,-,-,-,-,II_WEA_CHEE_NINEGALE,625,1,1,-
-,-,-,-,-,-,-,II_WEA_KNU_RIGOR,625,1,1,-
-,-,-,-,-,-,-,II_WEA_KNU_RAMPART,625,1,1,-
-,-,-,-,-,-,-,II_WEA_STA_IGNIS,625,1,1,-
-,-,-,-,-,-,-,II_WEA_STA_TEBA,625,1,1,-
-,-,-,-,-,-,-,II_WEA_SWO_SEPAL,625,1,1,-
-,-,-,-,-,-,-,II_WEA_SWO_CYLOS,625,1,1,-
-,-,-,-,-,-,-,II_WEA_WAN_POLY,625,1,1,-
-,-,-,-,-,-,-,II_WEA_WAN_MEKERHILL,625,1,1,-
-,-,-,-,-,-,-,II_WEA_YOY_MIRAGL,625,1,1,-
-,-,-,-,-,-,-,II_WEA_YOY_RIDENE,625,1,1,-
100,62,65,2010-03-03 10:00,3000-01-01 12:00,-,-,-,-,-,-,-
-,-,-,-,-,WEAPON,25,-,-,-,-,-
-,-,-,-,-,-,-,II_WEA_AXT_TWOHAN,5000,1,1,-
-,-,-,-,-,-,-,II_WEA_SWT_BASTAR,5000,1,1,-
101,66,69,2010-03-03 10:00,3000-01-01 12:00,-,-,-,-,-,-,-
-,-,-,-,-,WEAPON,18,-,-,-,-,-
-,-,-,-,-,-,-,II_WEA_AXE_BONEBAR,1000,1,1,-
-,-,-,-,-,-,-,II_WEA_AXT_GREATA,1000,1,1,-
-,-,-,-,-,-,-,II_WEA_BOW_VARIFE,1000,1,1,-
-,-,-,-,-,-,-,II_WEA_CHEE_RAVE,1000,1,1,-
-,-,-,-,-,-,-,II_WEA_KNU_COREAN,1000,1,1,-
-,-,-,-,-,-,-,II_WEA_STA_SHEIKANE,1000,1,1,-
-,-,-,-,-,-,-,II_WEA_SWO_CARNAGE,1000,1,1,-
-,-,-,-,-,-,-,II_WEA_SWT_TWOHAN,1000,1,1,-
-,-,-,-,-,-,-,II_WEA_WAN_MIRAGE,1000,1,1,-
-,-,-,-,-,-,-,II_WEA_YOY_GELOND,1000,1,1,-
102,70,71,2010-03-03 10:00,3000-01-01 12:00,-,-,-,-,-,-,-
-,-,-,-,-,WEAPON,13,-,-,-,-,-
-,-,-,-,-,-,-,II_WEA_AXT_GREATA,5000,1,1,-
-,-,-,-,-,-,-,II_WEA_SWT_TWOHAN,5000,1,1,-
103,72,76,2010-03-03 10:00,3000-01-01 12:00,-,-,-,-,-,-,-
-,-,-,-,-,WEAPON,12,-,-,-,-,-
-,-,-,-,-,-,-,II_WEA_AXE_LUXIOR,1000,1,1,-
-,-,-,-,-,-,-,II_WEA_AXT_KERGNI,1000,1,1,-
-,-,-,-,-,-,-,II_WEA_BOW_DEFNAN,1000,1,1,-
-,-,-,-,-,-,-,II_WEA_CHEE_FANTA,1000,1,1,-
-,-,-,-,-,-,-,II_WEA_KNU_FISTOMBER,1000,1,1,-
-,-,-,-,-,-,-,II_WEA_STA_TWENKEEN,1000,1,1,-
-,-,-,-,-,-,-,II_WEA_SWO_JANITOR,1000,1,1,-
-,-,-,-,-,-,-,II_WEA_SWT_DARKON,1000,1,1,-
-,-,-,-,-,-,-,II_WEA_WAN_ARIS,1000,1,1,-
-,-,-,-,-,-,-,II_WEA_YOY_WINGFU,1000,1,1,-
104,77,81,2010-03-03 10:00,3000-01-01 12:00,-,-,-,-,-,-,-
-,-,-,-,-,WEAPON,10,-,-,-,-,-
-,-,-,-,-,-,-,II_WEA_AXE_EXHOUST,1000,1,1,-
-,-,-,-,-,-,-,II_WEA_AXT_LURKNI,1000,1,1,-
-,-,-,-,-,-,-,II_WEA_BOW_HYDRON,1000,1,1,-
-,-,-,-,-,-,-,II_WEA_CHEE_MORALEMINE,1000,1,1,-
-,-,-,-,-,-,-,II_WEA_KNU_EDOREN,1000,1,1,-
-,-,-,-,-,-,-,II_WEA_STA_RUOFL,1000,1,1,-
-,-,-,-,-,-,-,II_WEA_SWO_BLUEJADE,1000,1,1,-
-,-,-,-,-,-,-,II_WEA_SWT_ADAPTI,1000,1,1,-
-,-,-,-,-,-,-,II_WEA_WAN_MOIRA,1000,1,1,-
-,-,-,-,-,-,-,II_WEA_YOY_ANAKUN,1000,1,1,-
105,82,86,2010-03-03 10:00,3000-01-01 12:00,-,-,-,-,-,-,-
-,-,-,-,-,WEAPON,9,-,-,-,-,-
-,-,-,-,-,-,-,II_WEA_AXE_SHAKYFIN,1000,1,1,-
-,-,-,-,-,-,-,II_WEA_AXT_AVNITI,1000,1,1,-
-,-,-,-,-,-,-,II_WEA_BOW_CENATI,1000,1,1,-
-,-,-,-,-,-,-,II_WEA_CHEE_SHINEWING,1000,1,1,-
-,-,-,-,-,-,-,II_WEA_KNU_SKELLOCK,1000,1,1,-
-,-,-,-,-,-,-,II_WEA_STA_FEATHERWING,1000,1,1,-
-,-,-,-,-,-,-,II_WEA_SWO_ZEROTH,1000,1,1,-
-,-,-,-,-,-,-,II_WEA_SWT_ZWEIGA,1000,1,1,-
-,-,-,-,-,-,-,II_WEA_WAN_ARCADIA,1000,1,1,-
-,-,-,-,-,-,-,II_WEA_YOY_CIRCER,1000,1,1,-
106,87,91,2010-03-03 10:00,3000-01-01 12:00,-,-,-,-,-,-,-
-,-,-,-,-,WEAPON,7,-,-,-,-,-
-,-,-,-,-,-,-,II_WEA_AXE_HITCH,1000,1,1,-
-,-,-,-,-,-,-,II_WEA_AXT_KANAIN,1000,1,1,-
-,-,-,-,-,-,-,II_WEA_BOW_CYRON,1000,1,1,-
-,-,-,-,-,-,-,II_WEA_CHEE_SHALOW,1000,1,1,-
-,-,-,-,-,-,-,II_WEA_KNU_GOLDROSS,1000,1,1,-
-,-,-,-,-,-,-,II_WEA_STA_HOLYOUS,1000,1,1,-
-,-,-,-,-,-,-,II_WEA_SWO_EMERYL,1000,1,1,-
-,-,-,-,-,-,-,II_WEA_SWT_KALEON,1000,1,1,-
-,-,-,-,-,-,-,II_WEA_WAN_TARIS,1000,1,1,-
-,-,-,-,-,-,-,II_WEA_YOY_MISHEN,1000,1,1,-
107,92,96,2010-03-03 10:00,3000-01-01 12:00,-,-,-,-,-,-,-
-,-,-,-,-,WEAPON,7,-,-,-,-,-
-,-,-,-,-,-,-,II_WEA_AXE_CATCHY,1000,1,1,-
-,-,-,-,-,-,-,II_WEA_AXT_ORCANI,1000,1,1,-
-,-,-,-,-,-,-,II_WEA_BOW_SIONIC,1000,1,1,-
-,-,-,-,-,-,-,II_WEA_CHEE_PREDE,1000,1,1,-
-,-,-,-,-,-,-,II_WEA_KNU_BLESEVER,1000,1,1,-
-,-,-,-,-,-,-,II_WEA_STA_PORTEL,1000,1,1,-
-,-,-,-,-,-,-,II_WEA_SWO_CHAINSING,1000,1,1,-
-,-,-,-,-,-,-,II_WEA_SWT_GOOTNI,1000,1,1,-
-,-,-,-,-,-,-,II_WEA_WAN_JALATE,1000,1,1,-
-,-,-,-,-,-,-,II_WEA_YOY_SLINFE,1000,1,1,-
108,97,101,2010-03-03 10:00,3000-01-01 12:00,-,-,-,-,-,-,-
-,-,-,-,-,WEAPON,5,-,-,-,-,-
-,-,-,-,-,-,-,II_WEA_AXE_FELLPEED,1000,1,1,-
-,-,-,-,-,-,-,II_WEA_AXT_LINITI,1000,1,1,-
-,-,-,-,-,-,-,II_WEA_BOW_REGEN,1000,1,1,-
-,-,-,-,-,-,-,II_WEA_CHEE_LEOSS,1000,1,1,-
-,-,-,-,-,-,-,II_WEA_KNU_MUNCUTO,1000,1,1,-
-,-,-,-,-,-,-,II_WEA_STA_MARINER,1000,1,1,-
-,-,-,-,-,-,-,II_WEA_SWO_HARPION,1000,1,1,-
-,-,-,-,-,-,-,II_WEA_SWT_HAUNTI,1000,1,1,-
-,-,-,-,-,-,-,II_WEA_WAN_KRORIL,1000,1,1,-
-,-,-,-,-,-,-,II_WEA_YOY_AKANE,1000,1,1,-
109,102,111,2010-03-03 10:00,3000-01-01 12:00,-,-,-,-,-,-,-
-,-,-,-,-,WEAPON,4,-,-,-,-,-
-,-,-,-,-,-,-,II_WEA_AXE_DARCRO,1000,1,1,-
-,-,-,-,-,-,-,II_WEA_AXE_HARDIN,1000,1,1,-
-,-,-,-,-,-,-,II_WEA_BOW_FIONT,1000,1,1,-
-,-,-,-,-,-,-,II_WEA_CHEE_FORLAS,1000,1,1,-
-,-,-,-,-,-,-,II_WEA_KNU_FEDERHOM,1000,1,1,-
-,-,-,-,-,-,-,II_WEA_STA_REMODIC,1000,1,1,-
-,-,-,-,-,-,-,II_WEA_SWO_SMITER,1000,1,1,-
-,-,-,-,-,-,-,II_WEA_SWT_CLOCKS,1000,1,1,-
-,-,-,-,-,-,-,II_WEA_WAN_REKIS,1000,1,1,-
-,-,-,-,-,-,-,II_WEA_YOY_CLANTO,1000,1,1,-
110,112,121,2010-03-03 10:00,3000-01-01 12:00,-,-,-,-,-,-,-
-,-,-,-,-,WEAPON,3,-,-,-,-,-
-,-,-,-,-,-,-,II_WEA_AXE_WATURAN,1000,1,1,-
-,-,-,-,-,-,-,II_WEA_BOW_BROUTO,1000,1,1,-
-,-,-,-,-,-,-,II_WEA_CHEE_SHAIT,1000,1,1,-
-,-,-,-,-,-,-,II_WEA_KNU_KNIGHTEEL,1000,1,1,-
-,-,-,-,-,-,-,II_WEA_STA_ELFYREN,1000,1,1,-
-,-,-,-,-,-,-,II_WEA_SWO_SHADEVING,1000,1,1,-
-,-,-,-,-,-,-,II_WEA_WAN_DARIS,1000,1,1,-
-,-,-,-,-,-,-,II_WEA_YOY_ENAPHO,1000,1,1,-
-,-,-,-,-,-,-,II_WEA_SWT_PEACE,1000,1,1,-
-,-,-,-,-,-,-,II_WEA_AXT_PEACE,1000,1,1,-
111,122,160,2010-03-03 10:00,3000-01-01 12:00,-,-,-,-,-,-,-
-,-,-,-,-,WEAPON,2,-,-,-,-,-
-,-,-,-,-,-,-,II_WEA_AXE_LICHIKY,1000,1,1,-
-,-,-,-,-,-,-,II_WEA_BOW_SEVOY,1000,1,1,-
-,-,-,-,-,-,-,II_WEA_CHEE_GARLAIN,1000,1,1,-
-,-,-,-,-,-,-,II_WEA_KNU_LORDORBL,1000,1,1,-
-,-,-,-,-,-,-,II_WEA_STA_FOSHARPEN,1000,1,1,-
-,-,-,-,-,-,-,II_WEA_SWO_HOTTER,1000,1,1,-
-,-,-,-,-,-,-,II_WEA_WAN_LORAI,1000,1,1,-
-,-,-,-,-,-,-,II_WEA_YOY_CORONE,1000,1,1,-
-,-,-,-,-,-,-,II_WEA_SWT_LASTER,1000,1,1,-
-,-,-,-,-,-,-,II_WEA_AXT_LASTER,1000,1,1,-
112,1,4,2010-03-03 10:00,3000-01-01 12:00,-,-,-,-,-,-,-
-,-,-,-,-,ARMOR,900,-,-,-,-,-
-,-,-,-,-,-,-,II_ARM_M_VAG_BOOTS01,1667,1,1,-
-,-,-,-,-,-,-,II_ARM_F_VAG_BOOTS01,1667,1,1,-
-,-,-,-,-,-,-,II_ARM_M_VAG_GAUNTLET01,1667,1,1,-
-,-,-,-,-,-,-,II_ARM_F_VAG_GAUNTLET01,1667,1,1,-
-,-,-,-,-,-,-,II_ARM_M_VAG_SUIT01,1666,1,1,-
-,-,-,-,-,-,-,II_ARM_F_VAG_SUIT01,1666,1,1,-
113,5,6,2010-03-03 10:00,3000-01-01 12:00,-,-,-,-,-,-,-
-,-,-,-,-,ARMOR,870,-,-,-,-,-
-,-,-,-,-,-,-,II_ARM_M_VAG_BOOTS01,667,1,1,-
-,-,-,-,-,-,-,II_ARM_M_VAG_BOOTS02,667,1,1,-
-,-,-,-,-,-,-,II_ARM_F_VAG_BOOTS01,667,1,1,-
-,-,-,-,-,-,-,II_ARM_F_VAG_BOOTS02,667,1,1,-
-,-,-,-,-,-,-,II_ARM_M_VAG_GAUNTLET01,667,1,1,-
-,-,-,-,-,-,-,II_ARM_M_VAG_GAUNTLET02,667,1,1,-
-,-,-,-,-,-,-,II_ARM_F_VAG_GAUNTLET01,667,1,1,-
-,-,-,-,-,-,-,II_ARM_F_VAG_GAUNTLET02,667,1,1,-
-,-,-,-,-,-,-,II_ARM_M_VAG_HELMET02,667,1,1,-
-,-,-,-,-,-,-,II_ARM_F_VAG_HELMET02,667,1,1,-
-,-,-,-,-,-,-,II_ARM_M_VAG_SUIT01,666,1,1,-
-,-,-,-,-,-,-,II_ARM_M_VAG_SUIT02,666,1,1,-
-,-,-,-,-,-,-,II_ARM_F_VAG_SUIT01,666,1,1,-
-,-,-,-,-,-,-,II_ARM_F_VAG_SUIT02,666,1,1,-
-,-,-,-,-,-,-,II_ARM_ARM_SHI_GREEN,666,1,1,-
114,7,10,2010-03-03 10:00,3000-01-01 12:00,-,-,-,-,-,-,-
-,-,-,-,-,ARMOR,800,-,-,-,-,-
-,-,-,-,-,-,-,II_ARM_M_VAG_BOOTS02,1112,1,1,-
-,-,-,-,-,-,-,II_ARM_F_VAG_BOOTS02,1111,1,1,-
-,-,-,-,-,-,-,II_ARM_M_VAG_GAUNTLET02,1111,1,1,-
-,-,-,-,-,-,-,II_ARM_F_VAG_GAUNTLET02,1111,1,1,-
-,-,-,-,-,-,-,II_ARM_M_VAG_HELMET02,1111,1,1,-
-,-,-,-,-,-,-,II_ARM_F_VAG_HELMET02,1111,1,1,-
-,-,-,-,-,-,-,II_ARM_M_VAG_SUIT02,1111,1,1,-
-,-,-,-,-,-,-,II_ARM_F_VAG_SUIT02,1111,1,1,-
-,-,-,-,-,-,-,II_ARM_ARM_SHI_GREEN,1111,1,1,-
115,11,16,2010-03-03 10:00,3000-01-01 12:00,-,-,-,-,-,-,-
-,-,-,-,-,ARMOR,234,-,-,-,-,-
-,-,-,-,-,-,-,II_ARM_M_VAG_BOOTS03,1112,1,1,-
-,-,-,-,-,-,-,II_ARM_F_VAG_BOOTS03,1111,1,1,-
-,-,-,-,-,-,-,II_ARM_M_VAG_GAUNTLET03,1111,1,1,-
-,-,-,-,-,-,-,II_ARM_F_VAG_GAUNTLET03,1111,1,1,-
-,-,-,-,-,-,-,II_ARM_M_VAG_HELMET03,1111,1,1,-
-,-,-,-,-,-,-,II_ARM_F_VAG_HELMET03,1111,1,1,-
-,-,-,-,-,-,-,II_ARM_M_VAG_SUIT03,1111,1,1,-
-,-,-,-,-,-,-,II_ARM_F_VAG_SUIT03,1111,1,1,-
-,-,-,-,-,-,-,II_ARM_ARM_SHI_ROUND,1111,1,1,-
116,17,25,2010-03-03 10:00,3000-01-01 12:00,-,-,-,-,-,-,-
-,-,-,-,-,ARMOR,159,-,-,-,-,-
-,-,-,-,-,-,-,II_ARM_ARM_SHI_SENTINEL,304,1,1,-
-,-,-,-,-,-,-,II_ARM_M_MER_HELMET0101,303,1,1,-
-,-,-,-,-,-,-,II_ARM_F_MER_HELMET0101,303,1,1,-
-,-,-,-,-,-,-,II_ARM_M_ACR_HELMET0101,303,1,1,-
-,-,-,-,-,-,-,II_ARM_F_ACR_HELMET0101,303,1,1,-
-,-,-,-,-,-,-,II_ARM_M_ASS_HELMET0101,303,1,1,-
-,-,-,-,-,-,-,II_ARM_F_ASS_HELMET0101,303,1,1,-
-,-,-,-,-,-,-,II_ARM_M_MAG_HELMET0101,303,1,1,-
-,-,-,-,-,-,-,II_ARM_F_MAG_HELMET0101,303,1,1,-
-,-,-,-,-,-,-,II_ARM_M_MER_BOOTS0101,303,1,1,-
-,-,-,-,-,-,-,II_ARM_F_MER_BOOTS0101,303,1,1,-
-,-,-,-,-,-,-,II_ARM_M_ACR_BOOTS0101,303,1,1,-
-,-,-,-,-,-,-,II_ARM_F_ACR_BOOTS0101,303,1,1,-
-,-,-,-,-,-,-,II_ARM_M_ASS_BOOTS0101,303,1,1,-
-,-,-,-,-,-,-,II_ARM_F_ASS_BOOTS0101,303,1,1,-
-,-,-,-,-,-,-,II_ARM_M_MAG_BOOTS0101,303,1,1,-
-,-,-,-,-,-,-,II_ARM_F_MAG_BOOTS0101,303,1,1,-
-,-,-,-,-,-,-,II_ARM_M_MER_GAUNTLET0101,303,1,1,-
-,-,-,-,-,-,-,II_ARM_F_MER_GAUNTLET0101,303,1,1,-
-,-,-,-,-,-,-,II_ARM_M_ACR_GAUNTLET0101,303,1,1,-
-,-,-,-,-,-,-,II_ARM_F_ACR_GAUNTLET0101,303,1,1,-
-,-,-,-,-,-,-,II_ARM_M_ASS_GAUNTLET0101,303,1,1,-
-,-,-,-,-,-,-,II_ARM_F_ASS_GAUNTLET0101,303,1,1,-
-,-,-,-,-,-,-,II_ARM_M_MAG_GAUNTLET0101,303,1,1,-
-,-,-,-,-,-,-,II_ARM_F_MAG_GAUNTLET0101,303,1,1,-
-,-,-,-,-,-,-,II_ARM_M_MER_SUIT0101,303,1,1,-
-,-,-,-,-,-,-,II_ARM_F_MER_SUIT0101,303,1,1,-
-,-,-,-,-,-,-,II_ARM_M_ACR_SUIT0101,303,1,1,-
-,-,-,-,-,-,-,II_ARM_F_ACR_SUIT0101,303,1,1,-
-,-,-,-,-,-,-,II_ARM_M_ASS_SUIT0101,303,1,1,-
-,-,-,-,-,-,-,II_ARM_F_ASS_SUIT0101,303,1,1,-
-,-,-,-,-,-,-,II_ARM_M_MAG_SUIT0101,303,1,1,-
-,-,-,-,-,-,-,II_ARM_F_MAG_SUIT0101,303,1,1,-
117,26,34,2010-03-03 10:00,3000-01-01 12:00,-,-,-,-,-,-,-
-,-,-,-,-,ARMOR,97,-,-,-,-,-
-,-,-,-,-,-,-,II_ARM_M_MER_HELMET0201,304,1,1,-
-,-,-,-,-,-,-,II_ARM_F_MER_HELMET0201,303,1,1,-
-,-,-,-,-,-,-,II_ARM_M_ACR_HELMET0201,303,1,1,-
-,-,-,-,-,-,-,II_ARM_F_ACR_HELMET0201,303,1,1,-
-,-,-,-,-,-,-,II_ARM_M_ASS_HELMET0201,303,1,1,-
-,-,-,-,-,-,-,II_ARM_F_ASS_HELMET0201,303,1,1,-
-,-,-,-,-,-,-,II_ARM_M_MAG_HELMET0201,303,1,1,-
-,-,-,-,-,-,-,II_ARM_F_MAG_HELMET0201,303,1,1,-
-,-,-,-,-,-,-,II_ARM_M_MER_BOOTS0201,303,1,1,-
-,-,-,-,-,-,-,II_ARM_F_MER_BOOTS0201,303,1,1,-
-,-,-,-,-,-,-,II_ARM_M_ACR_BOOTS0201,303,1,1,-
-,-,-,-,-,-,-,II_ARM_F_ACR_BOOTS0201,303,1,1,-
-,-,-,-,-,-,-,II_ARM_M_ASS_BOOTS0201,303,1,1,-
-,-,-,-,-,-,-,II_ARM_F_ASS_BOOTS0201,303,1,1,-
-,-,-,-,-,-,-,II_ARM_M_MAG_BOOTS0201,303,1,1,-
-,-,-,-,-,-,-,II_ARM_F_MAG_BOOTS0201,303,1,1,-
-,-,-,-,-,-,-,II_ARM_M_MER_GAUNTLET0201,303,1,1,-
-,-,-,-,-,-,-,II_ARM_F_MER_GAUNTLET0201,303,1,1,-
-,-,-,-,-,-,-,II_ARM_M_ACR_GAUNTLET0201,303,1,1,-
-,-,-,-,-,-,-,II_ARM_F_ACR_GAUNTLET0201,303,1,1,-
-,-,-,-,-,-,-,II_ARM_M_ASS_GAUNTLET0201,303,1,1,-
-,-,-,-,-,-,-,II_ARM_F_ASS_GAUNTLET0201,303,1,1,-
-,-,-,-,-,-,-,II_ARM_M_MAG_GAUNTLET0201,303,1,1,-
-,-,-,-,-,-,-,II_ARM_F_MAG_GAUNTLET0201,303,1,1,-
-,-,-,-,-,-,-,II_ARM_M_MER_SUIT0201,303,1,1,-
-,-,-,-,-,-,-,II_ARM_F_MER_SUIT0201,303,1,1,-
-,-,-,-,-,-,-,II_ARM_M_ACR_SUIT0201,303,1,1,-
-,-,-,-,-,-,-,II_ARM_F_ACR_SUIT0201,303,1,1,-
-,-,-,-,-,-,-,II_ARM_M_ASS_SUIT0201,303,1,1,-
-,-,-,-,-,-,-,II_ARM_F_ASS_SUIT0201,303,1,1,-
-,-,-,-,-,-,-,II_ARM_M_MAG_SUIT0201,303,1,1,-
-,-,-,-,-,-,-,II_ARM_F_MAG_SUIT0201,303,1,1,-
-,-,-,-,-,-,-,II_ARM_ARM_SHI_SPARKLE,303,1,1,-
118,35,44,2010-03-03 10:00,3000-01-01 12:00,-,-,-,-,-,-,-
-,-,-,-,-,ARMOR,55,-,-,-,-,-
-,-,-,-,-,-,-,II_ARM_M_MER_HELMET0301,304,1,1,-
-,-,-,-,-,-,-,II_ARM_F_MER_HELMET0301,303,1,1,-
-,-,-,-,-,-,-,II_ARM_M_ACR_HELMET0301,303,1,1,-
-,-,-,-,-,-,-,II_ARM_F_ACR_HELMET0301,303,1,1,-
-,-,-,-,-,-,-,II_ARM_M_ASS_HELMET0301,303,1,1,-
-,-,-,-,-,-,-,II_ARM_F_ASS_HELMET0301,303,1,1,-
-,-,-,-,-,-,-,II_ARM_M_MAG_HELMET0301,303,1,1,-
-,-,-,-,-,-,-,II_ARM_F_MAG_HELMET0301,303,1,1,-
-,-,-,-,-,-,-,II_ARM_M_MER_BOOTS0301,303,1,1,-
-,-,-,-,-,-,-,II_ARM_F_MER_BOOTS0301,303,1,1,-
-,-,-,-,-,-,-,II_ARM_M_ACR_BOOTS0301,303,1,1,-
-,-,-,-,-,-,-,II_ARM_F_ACR_BOOTS0301,303,1,1,-
-,-,-,-,-,-,-,II_ARM_M_ASS_BOOTS0301,303,1,1,-
-,-,-,-,-,-,-,II_ARM_F_ASS_BOOTS0301,303,1,1,-
-,-,-,-,-,-,-,II_ARM_M_MAG_BOOTS0301,303,1,1,-
-,-,-,-,-,-,-,II_ARM_F_MAG_BOOTS0301,303,1,1,-
-,-,-,-,-,-,-,II_ARM_M_MER_GAUNTLET0301,303,1,1,-
-,-,-,-,-,-,-,II_ARM_F_MER_GAUNTLET0301,303,1,1,-
-,-,-,-,-,-,-,II_ARM_M_ACR_GAUNTLET0301,303,1,1,-
-,-,-,-,-,-,-,II_ARM_F_ACR_GAUNTLET0301,303,1,1,-
-,-,-,-,-,-,-,II_ARM_M_ASS_GAUNTLET0301,303,1,1,-
-,-,-,-,-,-,-,II_ARM_F_ASS_GAUNTLET0301,303,1,1,-
-,-,-,-,-,-,-,II_ARM_M_MAG_GAUNTLET0301,303,1,1,-
-,-,-,-,-,-,-,II_ARM_F_MAG_GAUNTLET0301,303,1,1,-
-,-,-,-,-,-,-,II_ARM_M_MER_SUIT0301,303,1,1,-
-,-,-,-,-,-,-,II_ARM_F_MER_SUIT0301,303,1,1,-
-,-,-,-,-,-,-,II_ARM_M_ACR_SUIT0301,303,1,1,-
-,-,-,-,-,-,-,II_ARM_F_ACR_SUIT0301,303,1,1,-
-,-,-,-,-,-,-,II_ARM_M_ASS_SUIT0301,303,1,1,-
-,-,-,-,-,-,-,II_ARM_F_ASS_SUIT0301,303,1,1,-
-,-,-,-,-,-,-,II_ARM_M_MAG_SUIT0301,303,1,1,-
-,-,-,-,-,-,-,II_ARM_F_MAG_SUIT0301,303,1,1,-
-,-,-,-,-,-,-,II_ARM_ARM_SHI_SHURAIN,303,1,1,-
119,45,54,2010-03-03 10:00,3000-01-01 12:00,-,-,-,-,-,-,-
-,-,-,-,-,ARMOR,29,-,-,-,-,-
-,-,-,-,-,-,-,II_ARM_M_MER_HELMET0401,286,1,1,-
-,-,-,-,-,-,-,II_ARM_F_MER_HELMET0401,286,1,1,-
-,-,-,-,-,-,-,II_ARM_M_ACR_HELMET0401,286,1,1,-
-,-,-,-,-,-,-,II_ARM_F_ACR_HELMET0401,286,1,1,-
-,-,-,-,-,-,-,II_ARM_M_ASS_HELMET0401,286,1,1,-
-,-,-,-,-,-,-,II_ARM_F_ASS_HELMET0401,286,1,1,-
-,-,-,-,-,-,-,II_ARM_M_MAG_HELMET0401,286,1,1,-
-,-,-,-,-,-,-,II_ARM_F_MAG_HELMET0401,286,1,1,-
-,-,-,-,-,-,-,II_ARM_M_MER_BOOTS0401,286,1,1,-
-,-,-,-,-,-,-,II_ARM_F_MER_BOOTS0401,286,1,1,-
-,-,-,-,-,-,-,II_ARM_M_ACR_BOOTS0401,286,1,1,-
-,-,-,-,-,-,-,II_ARM_F_ACR_BOOTS0401,286,1,1,-
-,-,-,-,-,-,-,II_ARM_M_ASS_BOOTS0401,286,1,1,-
-,-,-,-,-,-,-,II_ARM_F_ASS_BOOTS0401,286,1,1,-
-,-,-,-,-,-,-,II_ARM_M_MAG_BOOTS0401,286,1,1,-
-,-,-,-,-,-,-,II_ARM_F_MAG_BOOTS0401,286,1,1,-
-,-,-,-,-,-,-,II_ARM_ARM_SHI_VORTEX,286,1,1,-
-,-,-,-,-,-,-,II_ARM_M_MER_GAUNTLET0401,286,1,1,-
-,-,-,-,-,-,-,II_ARM_F_MER_GAUNTLET0401,286,1,1,-
-,-,-,-,-,-,-,II_ARM_M_ACR_GAUNTLET0401,286,1,1,-
-,-,-,-,-,-,-,II_ARM_F_ACR_GAUNTLET0401,286,1,1,-
-,-,-,-,-,-,-,II_ARM_M_ASS_GAUNTLET0401,286,1,1,-
-,-,-,-,-,-,-,II_ARM_F_ASS_GAUNTLET0401,286,1,1,-
-,-,-,-,-,-,-,II_ARM_M_MAG_GAUNTLET0401,286,1,1,-
-,-,-,-,-,-,-,II_ARM_F_MAG_GAUNTLET0401,286,1,1,-
-,-,-,-,-,-,-,II_ARM_M_MER_SUIT0401,285,1,1,-
-,-,-,-,-,-,-,II_ARM_F_MER_SUIT0401,285,1,1,-
-,-,-,-,-,-,-,II_ARM_M_ACR_SUIT0401,285,1,1,-
-,-,-,-,-,-,-,II_ARM_F_ACR_SUIT0401,285,1,1,-
-,-,-,-,-,-,-,II_ARM_M_ASS_SUIT0401,285,1,1,-
-,-,-,-,-,-,-,II_ARM_F_ASS_SUIT0401,285,1,1,-
-,-,-,-,-,-,-,II_ARM_M_MAG_SUIT0401,285,1,1,-
-,-,-,-,-,-,-,II_ARM_F_MAG_SUIT0401,285,1,1,-
-,-,-,-,-,-,-,II_ARM_ARM_SHI_GYRO,285,1,1,-
-,-,-,-,-,-,-,II_ARM_ARM_SHI_VORTEX,285,1,1,-
120,55,60,2010-03-03 10:00,3000-01-01 12:00,-,-,-,-,-,-,-
-,-,-,-,-,ARMOR,27,-,-,-,-,-
-,-,-,-,-,-,-,II_ARM_M_MER_HELMET06,271,1,1,-
-,-,-,-,-,-,-,II_ARM_F_MER_HELMET06,271,1,1,-
-,-,-,-,-,-,-,II_ARM_M_ACR_HELMET06,271,1,1,-
-,-,-,-,-,-,-,II_ARM_F_ACR_HELMET06,271,1,1,-
-,-,-,-,-,-,-,II_ARM_M_ASS_HELMET06,271,1,1,-
-,-,-,-,-,-,-,II_ARM_F_ASS_HELMET06,271,1,1,-
-,-,-,-,-,-,-,II_ARM_M_MAG_HELMET06,271,1,1,-
-,-,-,-,-,-,-,II_ARM_F_MAG_HELMET06,271,1,1,-
-,-,-,-,-,-,-,II_ARM_M_MER_BOOTS06,271,1,1,-
-,-,-,-,-,-,-,II_ARM_F_MER_BOOTS06,271,1,1,-
-,-,-,-,-,-,-,II_ARM_M_ACR_BOOTS06,270,1,1,-
-,-,-,-,-,-,-,II_ARM_F_ACR_BOOTS06,270,1,1,-
-,-,-,-,-,-,-,II_ARM_M_ASS_BOOTS06,270,1,1,-
-,-,-,-,-,-,-,II_ARM_F_ASS_BOOTS06,270,1,1,-
-,-,-,-,-,-,-,II_ARM_M_MAG_BOOTS06,270,1,1,-
-,-,-,-,-,-,-,II_ARM_F_MAG_BOOTS06,270,1,1,-
-,-,-,-,-,-,-,II_ARM_ARM_SHI_PLATE,270,1,1,-
-,-,-,-,-,-,-,II_ARM_M_MER_GAUNTLET06,270,1,1,-
-,-,-,-,-,-,-,II_ARM_F_MER_GAUNTLET06,270,1,1,-
-,-,-,-,-,-,-,II_ARM_M_ACR_GAUNTLET06,270,1,1,-
-,-,-,-,-,-,-,II_ARM_F_ACR_GAUNTLET06,270,1,1,-
-,-,-,-,-,-,-,II_ARM_M_ASS_GAUNTLET06,270,1,1,-
-,-,-,-,-,-,-,II_ARM_F_ASS_GAUNTLET06,270,1,1,-
-,-,-,-,-,-,-,II_ARM_M_MAG_GAUNTLET06,270,1,1,-
-,-,-,-,-,-,-,II_ARM_F_MAG_GAUNTLET06,270,1,1,-
-,-,-,-,-,-,-,II_ARM_M_MER_SUIT06,270,1,1,-
-,-,-,-,-,-,-,II_ARM_F_MER_SUIT06,270,1,1,-
-,-,-,-,-,-,-,II_ARM_M_ACR_SUIT06,270,1,1,-
-,-,-,-,-,-,-,II_ARM_F_ACR_SUIT06,270,1,1,-
-,-,-,-,-,-,-,II_ARM_M_ASS_SUIT06,270,1,1,-
-,-,-,-,-,-,-,II_ARM_F_ASS_SUIT06,270,1,1,-
-,-,-,-,-,-,-,II_ARM_M_MAG_SUIT06,270,1,1,-
-,-,-,-,-,-,-,II_ARM_F_MAG_SUIT06,270,1,1,-
-,-,-,-,-,-,-,II_ARM_ARM_SHI_PLUS,270,1,1,-
-,-,-,-,-,-,-,II_ARM_ARM_SHI_PLATE,270,1,1,-
-,-,-,-,-,-,-,II_ARM_M_MER_HELMET06,270,1,1,-
-,-,-,-,-,-,-,II_ARM_ARM_SHI_KITE,270,1,1,-
121,61,64,2010-03-03 10:00,3000-01-01 12:00,-,-,-,-,-,-,-
-,-,-,-,-,ARMOR,25,-,-,-,-,-
-,-,-,-,-,-,-,II_ARM_M_MER_HELMET08,78,1,1,-
-,-,-,-,-,-,-,II_ARM_M_MER_HELMET10,78,1,1,-
-,-,-,-,-,-,-,II_ARM_M_KIN_HELMET02,78,1,1,-
-,-,-,-,-,-,-,II_ARM_M_BLA_HELMET02,78,1,1,-
-,-,-,-,-,-,-,II_ARM_F_MER_HELMET08,78,1,1,-
-,-,-,-,-,-,-,II_ARM_F_MER_HELMET10,78,1,1,-
-,-,-,-,-,-,-,II_ARM_F_KIN_HELMET02,78,1,1,-
-,-,-,-,-,-,-,II_ARM_F_BLA_HELMET02,78,1,1,-
-,-,-,-,-,-,-,II_ARM_M_ACR_HELMET08,78,1,1,-
-,-,-,-,-,-,-,II_ARM_M_ACR_HELMET10,78,1,1,-
-,-,-,-,-,-,-,II_ARM_M_JST_HELMET02,78,1,1,-
-,-,-,-,-,-,-,II_ARM_M_RAG_HELMET02,78,1,1,-
-,-,-,-,-,-,-,II_ARM_F_ACR_HELMET08,78,1,1,-
-,-,-,-,-,-,-,II_ARM_F_ACR_HELMET10,78,1,1,-
-,-,-,-,-,-,-,II_ARM_F_JST_HELMET02,78,1,1,-
-,-,-,-,-,-,-,II_ARM_F_RAG_HELMET02,78,1,1,-
-,-,-,-,-,-,-,II_ARM_M_ASS_HELMET08,78,1,1,-
-,-,-,-,-,-,-,II_ARM_M_ASS_HELMET10,78,1,1,-
-,-,-,-,-,-,-,II_ARM_M_RIN_HELMET02,78,1,1,-
-,-,-,-,-,-,-,II_ARM_M_BIL_HELMET02,78,1,1,-
-,-,-,-,-,-,-,II_ARM_F_ASS_HELMET08,78,1,1,-
-,-,-,-,-,-,-,II_ARM_F_ASS_HELMET10,78,1,1,-
-,-,-,-,-,-,-,II_ARM_F_RIN_HELMET02,78,1,1,-
-,-,-,-,-,-,-,II_ARM_F_BIL_HELMET02,78,1,1,-
-,-,-,-,-,-,-,II_ARM_M_MAG_HELMET08,78,1,1,-
-,-,-,-,-,-,-,II_ARM_M_MAG_HELMET10,78,1,1,-
-,-,-,-,-,-,-,II_ARM_M_PSY_HELMET02,78,1,1,-
-,-,-,-,-,-,-,II_ARM_M_ELE_HELMET02,78,1,1,-
-,-,-,-,-,-,-,II_ARM_F_MAG_HELMET08,78,1,1,-
-,-,-,-,-,-,-,II_ARM_F_MAG_HELMET10,78,1,1,-
-,-,-,-,-,-,-,II_ARM_F_PSY_HELMET02,78,1,1,-
-,-,-,-,-,-,-,II_ARM_F_ELE_HELMET02,78,1,1,-
-,-,-,-,-,-,-,II_ARM_M_MER_BOOTS08,78,1,1,-
-,-,-,-,-,-,-,II_ARM_M_MER_BOOTS10,78,1,1,-
-,-,-,-,-,-,-,II_ARM_M_KIN_BOOTS02,78,1,1,-
-,-,-,-,-,-,-,II_ARM_M_BLA_BOOTS02,78,1,1,-
-,-,-,-,-,-,-,II_ARM_F_MER_BOOTS08,78,1,1,-
-,-,-,-,-,-,-,II_ARM_F_MER_BOOTS10,78,1,1,-
-,-,-,-,-,-,-,II_ARM_F_KIN_BOOTS02,78,1,1,-
-,-,-,-,-,-,-,II_ARM_F_BLA_BOOTS02,78,1,1,-
-,-,-,-,-,-,-,II_ARM_M_ACR_BOOTS08,78,1,1,-
-,-,-,-,-,-,-,II_ARM_M_ACR_BOOTS10,78,1,1,-
-,-,-,-,-,-,-,II_ARM_M_JST_BOOTS02,78,1,1,-
-,-,-,-,-,-,-,II_ARM_M_RAG_BOOTS02,78,1,1,-
-,-,-,-,-,-,-,II_ARM_F_ACR_BOOTS08,78,1,1,-
-,-,-,-,-,-,-,II_ARM_F_ACR_BOOTS10,78,1,1,-
-,-,-,-,-,-,-,II_ARM_F_JST_BOOTS02,78,1,1,-
-,-,-,-,-,-,-,II_ARM_F_RAG_BOOTS02,78,1,1,-
-,-,-,-,-,-,-,II_ARM_M_ASS_BOOTS08,78,1,1,-
-,-,-,-,-,-,-,II_ARM_M_ASS_BOOTS10,78,1,1,-
-,-,-,-,-,-,-,II_ARM_M_RIN_BOOTS02,78,1,1,-
-,-,-,-,-,-,-,II_ARM_M_BIL_BOOTS02,78,1,1,-
-,-,-,-,-,-,-,II_ARM_F_ASS_BOOTS08,78,1,1,-
-,-,-,-,-,-,-,II_ARM_F_ASS_BOOTS10,78,1,1,-
-,-,-,-,-,-,-,II_ARM_F_RIN_BOOTS02,78,1,1,-
-,-,-,-,-,-,-,II_ARM_F_BIL_BOOTS02,78,1,1,-
-,-,-,-,-,-,-,II_ARM_M_MAG_BOOTS08,78,1,1,-
-,-,-,-,-,-,-,II_ARM_M_MAG_BOOTS10,78,1,1,-
-,-,-,-,-,-,-,II_ARM_M_PSY_BOOTS02,78,1,1,-
-,-,-,-,-,-,-,II_ARM_M_ELE_BOOTS02,78,1,1,-
-,-,-,-,-,-,-,II_ARM_F_MAG_BOOTS08,78,1,1,-
-,-,-,-,-,-,-,II_ARM_F_MAG_BOOTS10,78,1,1,-
-,-,-,-,-,-,-,II_ARM_F_PSY_BOOTS02,78,1,1,-
-,-,-,-,-,-,-,II_ARM_F_ELE_BOOTS02,78,1,1,-
-,-,-,-,-,-,-,II_ARM_ARM_SHI_KITE,78,1,1,-
-,-,-,-,-,-,-,II_ARM_M_MER_GAUNTLET08,78,1,1,-
-,-,-,-,-,-,-,II_ARM_M_MER_GAUNTLET10,78,1,1,-
-,-,-,-,-,-,-,II_ARM_M_KIN_GAUNTLET02,77,1,1,-
-,-,-,-,-,-,-,II_ARM_M_BLA_GAUNTLET02,77,1,1,-
-,-,-,-,-,-,-,II_ARM_F_MER_GAUNTLET08,77,1,1,-
-,-,-,-,-,-,-,II_ARM_F_MER_GAUNTLET10,77,1,1,-
-,-,-,-,-,-,-,II_ARM_F_KIN_GAUNTLET02,77,1,1,-
-,-,-,-,-,-,-,II_ARM_F_BLA_GAUNTLET02,77,1,1,-
-,-,-,-,-,-,-,II_ARM_M_ACR_GAUNTLET08,77,1,1,-
-,-,-,-,-,-,-,II_ARM_M_ACR_GAUNTLET10,77,1,1,-
-,-,-,-,-,-,-,II_ARM_M_JST_GAUNTLET02,77,1,1,-
-,-,-,-,-,-,-,II_ARM_M_RAG_GAUNTLET02,77,1,1,-
-,-,-,-,-,-,-,II_ARM_F_ACR_GAUNTLET08,77,1,1,-
-,-,-,-,-,-,-,II_ARM_F_ACR_GAUNTLET10,77,1,1,-
-,-,-,-,-,-,-,II_ARM_F_JST_GAUNTLET02,77,1,1,-
-,-,-,-,-,-,-,II_ARM_F_RAG_GAUNTLET02,77,1,1,-
-,-,-,-,-,-,-,II_ARM_M_ASS_GAUNTLET08,77,1,1,-
-,-,-,-,-,-,-,II_ARM_M_ASS_GAUNTLET10,77,1,1,-
-,-,-,-,-,-,-,II_ARM_M_RIN_GAUNTLET02,77,1,1,-
-,-,-,-,-,-,-,II_ARM_M_BIL_GAUNTLET02,77,1,1,-
-,-,-,-,-,-,-,II_ARM_F_ASS_GAUNTLET08,77,1,1,-
-,-,-,-,-,-,-,II_ARM_F_ASS_GAUNTLET10,77,1,1,-
-,-,-,-,-,-,-,II_ARM_F_RIN_GAUNTLET02,77,1,1,-
-,-,-,-,-,-,-,II_ARM_F_BIL_GAUNTLET02,77,1,1,-
-,-,-,-,-,-,-,II_ARM_M_MAG_GAUNTLET08,77,1,1,-
-,-,-,-,-,-,-,II_ARM_M_MAG_GAUNTLET10,77,1,1,-
-,-,-,-,-,-,-,II_ARM_M_PSY_GAUNTLET02,77,1,1,-
-,-,-,-,-,-,-,II_ARM_M_ELE_GAUNTLET02,77,1,1,-
-,-,-,-,-,-,-,II_ARM_F_MAG_GAUNTLET08,77,1,1,-
-,-,-,-,-,-,-,II_ARM_F_MAG_GAUNTLET10,77,1,1,-
-,-,-,-,-,-,-,II_ARM_F_PSY_GAUNTLET02,77,1,1,-
-,-,-,-,-,-,-,II_ARM_F_ELE_GAUNTLET02,77,1,1,-
-,-,-,-,-,-,-,II_ARM_M_MER_SUIT08,77,1,1,-
-,-,-,-,-,-,-,II_ARM_M_MER_SUIT10,77,1,1,-
-,-,-,-,-,-,-,II_ARM_M_KIN_SUIT02,77,1,1,-
-,-,-,-,-,-,-,II_ARM_M_BLA_SUIT02,77,1,1,-
-,-,-,-,-,-,-,II_ARM_F_MER_SUIT08,77,1,1,-
-,-,-,-,-,-,-,II_ARM_F_MER_SUIT10,77,1,1,-
-,-,-,-,-,-,-,II_ARM_F_KIN_SUIT02,77,1,1,-
-,-,-,-,-,-,-,II_ARM_F_BLA_SUIT02,77,1,1,-
-,-,-,-,-,-,-,II_ARM_M_ACR_SUIT08,77,1,1,-
-,-,-,-,-,-,-,II_ARM_M_ACR_SUIT10,77,1,1,-
-,-,-,-,-,-,-,II_ARM_M_JST_SUIT02,77,1,1,-
-,-,-,-,-,-,-,II_ARM_M_RAG_SUIT02,77,1,1,-
-,-,-,-,-,-,-,II_ARM_F_ACR_SUIT08,77,1,1,-
-,-,-,-,-,-,-,II_ARM_F_ACR_SUIT10,77,1,1,-
-,-,-,-,-,-,-,II_ARM_F_JST_SUIT02,77,1,1,-
-,-,-,-,-,-,-,II_ARM_F_RAG_SUIT02,77,1,1,-
-,-,-,-,-,-,-,II_ARM_M_ASS_SUIT08,77,1,1,-
-,-,-,-,-,-,-,II_ARM_M_ASS_SUIT10,77,1,1,-
-,-,-,-,-,-,-,II_ARM_M_RIN_SUIT02,77,1,1,-
-,-,-,-,-,-,-,II_ARM_M_BIL_SUIT02,77,1,1,-
-,-,-,-,-,-,-,II_ARM_F_ASS_SUIT08,77,1,1,-
-,-,-,-,-,-,-,II_ARM_F_ASS_SUIT10,77,1,1,-
-,-,-,-,-,-,-,II_ARM_F_RIN_SUIT02,77,1,1,-
-,-,-,-,-,-,-,II_ARM_F_BIL_SUIT02,77,1,1,-
-,-,-,-,-,-,-,II_ARM_M_MAG_SUIT08,77,1,1,-
-,-,-,-,-,-,-,II_ARM_M_MAG_SUIT10,77,1,1,-
-,-,-,-,-,-,-,II_ARM_M_PSY_SUIT02,77,1,1,-
-,-,-,-,-,-,-,II_ARM_M_ELE_SUIT02,77,1,1,-
-,-,-,-,-,-,-,II_ARM_F_MAG_SUIT08,77,1,1,-
-,-,-,-,-,-,-,II_ARM_F_MAG_SUIT10,77,1,1,-
-,-,-,-,-,-,-,II_ARM_F_PSY_SUIT02,77,1,1,-
-,-,-,-,-,-,-,II_ARM_F_ELE_SUIT02,77,1,1,-
122,65,72,2010-03-03 10:00,3000-01-01 12:00,-,-,-,-,-,-,-
-,-,-,-,-,ARMOR,16,-,-,-,-,-
-,-,-,-,-,-,-,II_ARM_M_MER_HELMET08,150,1,1,-
-,-,-,-,-,-,-,II_ARM_M_MER_HELMET10,150,1,1,-
-,-,-,-,-,-,-,II_ARM_F_MER_HELMET08,150,1,1,-
-,-,-,-,-,-,-,II_ARM_F_MER_HELMET10,150,1,1,-
-,-,-,-,-,-,-,II_ARM_M_ACR_HELMET08,150,1,1,-
-,-,-,-,-,-,-,II_ARM_M_ACR_HELMET10,150,1,1,-
-,-,-,-,-,-,-,II_ARM_F_ACR_HELMET08,150,1,1,-
-,-,-,-,-,-,-,II_ARM_F_ACR_HELMET10,150,1,1,-
-,-,-,-,-,-,-,II_ARM_M_ASS_HELMET08,150,1,1,-
-,-,-,-,-,-,-,II_ARM_M_ASS_HELMET10,150,1,1,-
-,-,-,-,-,-,-,II_ARM_F_ASS_HELMET08,150,1,1,-
-,-,-,-,-,-,-,II_ARM_F_ASS_HELMET10,150,1,1,-
-,-,-,-,-,-,-,II_ARM_M_MAG_HELMET08,150,1,1,-
-,-,-,-,-,-,-,II_ARM_M_MAG_HELMET10,150,1,1,-
-,-,-,-,-,-,-,II_ARM_F_MAG_HELMET08,150,1,1,-
-,-,-,-,-,-,-,II_ARM_F_MAG_HELMET10,150,1,1,-
-,-,-,-,-,-,-,II_ARM_M_MER_BOOTS08,150,1,1,-
-,-,-,-,-,-,-,II_ARM_M_MER_BOOTS10,149,1,1,-
-,-,-,-,-,-,-,II_ARM_F_MER_BOOTS08,149,1,1,-
-,-,-,-,-,-,-,II_ARM_F_MER_BOOTS10,149,1,1,-
-,-,-,-,-,-,-,II_ARM_M_ACR_BOOTS08,149,1,1,-
-,-,-,-,-,-,-,II_ARM_M_ACR_BOOTS10,149,1,1,-
-,-,-,-,-,-,-,II_ARM_F_ACR_BOOTS08,149,1,1,-
-,-,-,-,-,-,-,II_ARM_F_ACR_BOOTS10,149,1,1,-
-,-,-,-,-,-,-,II_ARM_M_ASS_BOOTS08,149,1,1,-
-,-,-,-,-,-,-,II_ARM_M_ASS_BOOTS10,149,1,1,-
-,-,-,-,-,-,-,II_ARM_F_ASS_BOOTS08,149,1,1,-
-,-,-,-,-,-,-,II_ARM_F_ASS_BOOTS10,149,1,1,-
-,-,-,-,-,-,-,II_ARM_M_MAG_BOOTS08,149,1,1,-
-,-,-,-,-,-,-,II_ARM_M_MAG_BOOTS10,149,1,1,-
-,-,-,-,-,-,-,II_ARM_F_MAG_BOOTS08,149,1,1,-
-,-,-,-,-,-,-,II_ARM_F_MAG_BOOTS10,149,1,1,-
-,-,-,-,-,-,-,II_ARM_M_MER_GAUNTLET08,149,1,1,-
-,-,-,-,-,-,-,II_ARM_M_MER_GAUNTLET10,149,1,1,-
-,-,-,-,-,-,-,II_ARM_F_MER_GAUNTLET08,149,1,1,-
-,-,-,-,-,-,-,II_ARM_F_MER_GAUNTLET10,149,1,1,-
-,-,-,-,-,-,-,II_ARM_M_ACR_GAUNTLET08,149,1,1,-
-,-,-,-,-,-,-,II_ARM_M_ACR_GAUNTLET10,149,1,1,-
-,-,-,-,-,-,-,II_ARM_F_ACR_GAUNTLET08,149,1,1,-
-,-,-,-,-,-,-,II_ARM_F_ACR_GAUNTLET10,149,1,1,-
-,-,-,-,-,-,-,II_ARM_M_ASS_GAUNTLET08,149,1,1,-
-,-,-,-,-,-,-,II_ARM_M_ASS_GAUNTLET10,149,1,1,-
-,-,-,-,-,-,-,II_ARM_F_ASS_GAUNTLET08,149,1,1,-
-,-,-,-,-,-,-,II_ARM_F_ASS_GAUNTLET10,149,1,1,-
-,-,-,-,-,-,-,II_ARM_M_MAG_GAUNTLET08,149,1,1,-
-,-,-,-,-,-,-,II_ARM_M_MAG_GAUNTLET10,149,1,1,-
-,-,-,-,-,-,-,II_ARM_F_MAG_GAUNTLET08,149,1,1,-
-,-,-,-,-,-,-,II_ARM_F_MAG_GAUNTLET10,149,1,1,-
-,-,-,-,-,-,-,II_ARM_M_MER_SUIT08,149,1,1,-
-,-,-,-,-,-,-,II_ARM_M_MER_SUIT10,149,1,1,-
-,-,-,-,-,-,-,II_ARM_F_MER_SUIT08,149,1,1,-
-,-,-,-,-,-,-,II_ARM_F_MER_SUIT10,149,1,1,-
-,-,-,-,-,-,-,II_ARM_M_ACR_SUIT08,149,1,1,-
-,-,-,-,-,-,-,II_ARM_M_ACR_SUIT10,149,1,1,-
-,-,-,-,-,-,-,II_ARM_F_ACR_SUIT08,149,1,1,-
-,-,-,-,-,-,-,II_ARM_F_ACR_SUIT10,149,1,1,-
-,-,-,-,-,-,-,II_ARM_M_ASS_SUIT08,149,1,1,-
-,-,-,-,-,-,-,II_ARM_M_ASS_SUIT10,149,1,1,-
-,-,-,-,-,-,-,II_ARM_F_ASS_SUIT08,149,1,1,-
-,-,-,-,-,-,-,II_ARM_F_ASS_SUIT10,149,1,1,-
-,-,-,-,-,-,-,II_ARM_M_MAG_SUIT08,149,1,1,-
-,-,-,-,-,-,-,II_ARM_M_MAG_SUIT10,149,1,1,-
-,-,-,-,-,-,-,II_ARM_F_MAG_SUIT08,149,1,1,-
-,-,-,-,-,-,-,II_ARM_F_MAG_SUIT10,149,1,1,-
-,-,-,-,-,-,-,II_ARM_ARM_SHI_ASTER,149,1,1,-
-,-,-,-,-,-,-,II_ARM_ARM_SHI_ASTER,149,1,1,-
-,-,-,-,-,-,-,II_ARM_ARM_SHI_COMET,149,1,1,-
123,73,84,2010-03-03 10:00,3000-01-01 12:00,-,-,-,-,-,-,-
-,-,-,-,-,ARMOR,9,-,-,-,-,-
-,-,-,-,-,-,-,II_ARM_ARM_SHI_COMET,154,1,1,-
-,-,-,-,-,-,-,II_ARM_M_KIN_HELMET04,154,1,1,-
-,-,-,-,-,-,-,II_ARM_M_BLA_HELMET04,154,1,1,-
-,-,-,-,-,-,-,II_ARM_F_KIN_HELMET04,154,1,1,-
-,-,-,-,-,-,-,II_ARM_F_BLA_HELMET04,154,1,1,-
-,-,-,-,-,-,-,II_ARM_M_JST_HELMET04,154,1,1,-
-,-,-,-,-,-,-,II_ARM_M_RAG_HELMET04,154,1,1,-
-,-,-,-,-,-,-,II_ARM_F_JST_HELMET04,154,1,1,-
-,-,-,-,-,-,-,II_ARM_F_RAG_HELMET04,154,1,1,-
-,-,-,-,-,-,-,II_ARM_M_RIN_HELMET04,154,1,1,-
-,-,-,-,-,-,-,II_ARM_M_BIL_HELMET04,154,1,1,-
-,-,-,-,-,-,-,II_ARM_F_RIN_HELMET04,154,1,1,-
-,-,-,-,-,-,-,II_ARM_F_BIL_HELMET04,154,1,1,-
-,-,-,-,-,-,-,II_ARM_M_PSY_HELMET04,154,1,1,-
-,-,-,-,-,-,-,II_ARM_M_ELE_HELMET04,154,1,1,-
-,-,-,-,-,-,-,II_ARM_F_PSY_HELMET04,154,1,1,-
-,-,-,-,-,-,-,II_ARM_F_ELE_HELMET04,154,1,1,-
-,-,-,-,-,-,-,II_ARM_M_KIN_BOOTS04,154,1,1,-
-,-,-,-,-,-,-,II_ARM_M_BLA_BOOTS04,154,1,1,-
-,-,-,-,-,-,-,II_ARM_F_KIN_BOOTS04,154,1,1,-
-,-,-,-,-,-,-,II_ARM_F_BLA_BOOTS04,154,1,1,-
-,-,-,-,-,-,-,II_ARM_M_JST_BOOTS04,154,1,1,-
-,-,-,-,-,-,-,II_ARM_M_RAG_BOOTS04,154,1,1,-
-,-,-,-,-,-,-,II_ARM_F_JST_BOOTS04,154,1,1,-
-,-,-,-,-,-,-,II_ARM_F_RAG_BOOTS04,154,1,1,-
-,-,-,-,-,-,-,II_ARM_M_RIN_BOOTS04,154,1,1,-
-,-,-,-,-,-,-,II_ARM_M_BIL_BOOTS04,154,1,1,-
-,-,-,-,-,-,-,II_ARM_F_RIN_BOOTS04,154,1,1,-
-,-,-,-,-,-,-,II_ARM_F_BIL_BOOTS04,154,1,1,-
-,-,-,-,-,-,-,II_ARM_M_PSY_BOOTS04,154,1,1,-
-,-,-,-,-,-,-,II_ARM_M_ELE_BOOTS04,154,1,1,-
-,-,-,-,-,-,-,II_ARM_F_PSY_BOOTS04,154,1,1,-
-,-,-,-,-,-,-,II_ARM_F_ELE_BOOTS04,154,1,1,-
-,-,-,-,-,-,-,II_ARM_M_KIN_GAUNTLET04,154,1,1,-
-,-,-,-,-,-,-,II_ARM_M_BLA_GAUNTLET04,154,1,1,-
-,-,-,-,-,-,-,II_ARM_F_KIN_GAUNTLET04,154,1,1,-
-,-,-,-,-,-,-,II_ARM_F_BLA_GAUNTLET04,154,1,1,-
-,-,-,-,-,-,-,II_ARM_M_JST_GAUNTLET04,154,1,1,-
-,-,-,-,-,-,-,II_ARM_M_RAG_GAUNTLET04,154,1,1,-
-,-,-,-,-,-,-,II_ARM_F_JST_GAUNTLET04,154,1,1,-
-,-,-,-,-,-,-,II_ARM_F_RAG_GAUNTLET04,154,1,1,-
-,-,-,-,-,-,-,II_ARM_M_RIN_GAUNTLET04,154,1,1,-
-,-,-,-,-,-,-,II_ARM_M_BIL_GAUNTLET04,154,1,1,-
-,-,-,-,-,-,-,II_ARM_F_RIN_GAUNTLET04,154,1,1,-
-,-,-,-,-,-,-,II_ARM_F_BIL_GAUNTLET04,154,1,1,-
-,-,-,-,-,-,-,II_ARM_M_PSY_GAUNTLET04,154,1,1,-
-,-,-,-,-,-,-,II_ARM_M_ELE_GAUNTLET04,154,1,1,-
-,-,-,-,-,-,-,II_ARM_F_PSY_GAUNTLET04,154,1,1,-
-,-,-,-,-,-,-,II_ARM_F_ELE_GAUNTLET04,154,1,1,-
-,-,-,-,-,-,-,II_ARM_M_KIN_SUIT04,154,1,1,-
-,-,-,-,-,-,-,II_ARM_M_BLA_SUIT04,154,1,1,-
-,-,-,-,-,-,-,II_ARM_F_KIN_SUIT04,154,1,1,-
-,-,-,-,-,-,-,II_ARM_F_BLA_SUIT04,154,1,1,-
-,-,-,-,-,-,-,II_ARM_M_JST_SUIT04,154,1,1,-
-,-,-,-,-,-,-,II_ARM_M_RAG_SUIT04,154,1,1,-
-,-,-,-,-,-,-,II_ARM_F_JST_SUIT04,153,1,1,-
-,-,-,-,-,-,-,II_ARM_F_RAG_SUIT04,153,1,1,-
-,-,-,-,-,-,-,II_ARM_M_RIN_SUIT04,153,1,1,-
-,-,-,-,-,-,-,II_ARM_M_BIL_SUIT04,153,1,1,-
-,-,-,-,-,-,-,II_ARM_F_RIN_SUIT04,153,1,1,-
-,-,-,-,-,-,-,II_ARM_F_BIL_SUIT04,153,1,1,-
-,-,-,-,-,-,-,II_ARM_M_PSY_SUIT04,153,1,1,-
-,-,-,-,-,-,-,II_ARM_M_ELE_SUIT04,153,1,1,-
-,-,-,-,-,-,-,II_ARM_F_PSY_SUIT04,153,1,1,-
-,-,-,-,-,-,-,II_ARM_F_ELE_SUIT04,153,1,1,-
124,85,96,2010-03-03 10:00,3000-01-01 12:00,-,-,-,-,-,-,-
-,-,-,-,-,ARMOR,7,-,-,-,-,-
-,-,-,-,-,-,-,II_ARM_M_KIN_HELMET06,150,1,1,-
-,-,-,-,-,-,-,II_ARM_M_BLA_HELMET06,150,1,1,-
-,-,-,-,-,-,-,II_ARM_F_KIN_HELMET06,150,1,1,-
-,-,-,-,-,-,-,II_ARM_F_BLA_HELMET06,150,1,1,-
-,-,-,-,-,-,-,II_ARM_M_JST_HELMET06,150,1,1,-
-,-,-,-,-,-,-,II_ARM_M_RAG_HELMET06,150,1,1,-
-,-,-,-,-,-,-,II_ARM_F_JST_HELMET06,150,1,1,-
-,-,-,-,-,-,-,II_ARM_F_RAG_HELMET06,150,1,1,-
-,-,-,-,-,-,-,II_ARM_M_RIN_HELMET06,150,1,1,-
-,-,-,-,-,-,-,II_ARM_M_BIL_HELMET06,150,1,1,-
-,-,-,-,-,-,-,II_ARM_F_RIN_HELMET06,150,1,1,-
-,-,-,-,-,-,-,II_ARM_F_BIL_HELMET06,150,1,1,-
-,-,-,-,-,-,-,II_ARM_M_PSY_HELMET06,150,1,1,-
-,-,-,-,-,-,-,II_ARM_M_ELE_HELMET06,150,1,1,-
-,-,-,-,-,-,-,II_ARM_F_PSY_HELMET06,150,1,1,-
-,-,-,-,-,-,-,II_ARM_F_ELE_HELMET06,150,1,1,-
-,-,-,-,-,-,-,II_ARM_M_KIN_BOOTS06,150,1,1,-
-,-,-,-,-,-,-,II_ARM_M_BLA_BOOTS06,149,1,1,-
-,-,-,-,-,-,-,II_ARM_F_KIN_BOOTS06,149,1,1,-
-,-,-,-,-,-,-,II_ARM_F_BLA_BOOTS06,149,1,1,-
-,-,-,-,-,-,-,II_ARM_M_JST_BOOTS06,149,1,1,-
-,-,-,-,-,-,-,II_ARM_M_RAG_BOOTS06,149,1,1,-
-,-,-,-,-,-,-,II_ARM_F_JST_BOOTS06,149,1,1,-
-,-,-,-,-,-,-,II_ARM_F_RAG_BOOTS06,149,1,1,-
-,-,-,-,-,-,-,II_ARM_M_RIN_BOOTS06,149,1,1,-
-,-,-,-,-,-,-,II_ARM_M_BIL_BOOTS06,149,1,1,-
-,-,-,-,-,-,-,II_ARM_F_RIN_BOOTS06,149,1,1,-
-,-,-,-,-,-,-,II_ARM_F_BIL_BOOTS06,149,1,1,-
-,-,-,-,-,-,-,II_ARM_M_PSY_BOOTS06,149,1,1,-
-,-,-,-,-,-,-,II_ARM_M_ELE_BOOTS06,149,1,1,-
-,-,-,-,-,-,-,II_ARM_F_PSY_BOOTS06,149,1,1,-
-,-,-,-,-,-,-,II_ARM_F_ELE_BOOTS06,149,1,1,-
-,-,-,-,-,-,-,II_ARM_ARM_SHI_HILEITINE,149,1,1,-
-,-,-,-,-,-,-,II_ARM_M_KIN_GAUNTLET06,149,1,1,-
-,-,-,-,-,-,-,II_ARM_M_BLA_GAUNTLET06,149,1,1,-
-,-,-,-,-,-,-,II_ARM_F_KIN_GAUNTLET06,149,1,1,-
-,-,-,-,-,-,-,II_ARM_F_BLA_GAUNTLET06,149,1,1,-
-,-,-,-,-,-,-,II_ARM_M_JST_GAUNTLET06,149,1,1,-
-,-,-,-,-,-,-,II_ARM_M_RAG_GAUNTLET06,149,1,1,-
-,-,-,-,-,-,-,II_ARM_F_JST_GAUNTLET06,149,1,1,-
-,-,-,-,-,-,-,II_ARM_F_RAG_GAUNTLET06,149,1,1,-
-,-,-,-,-,-,-,II_ARM_M_RIN_GAUNTLET06,149,1,1,-
-,-,-,-,-,-,-,II_ARM_M_BIL_GAUNTLET06,149,1,1,-
-,-,-,-,-,-,-,II_ARM_F_RIN_GAUNTLET06,149,1,1,-
-,-,-,-,-,-,-,II_ARM_F_BIL_GAUNTLET06,149,1,1,-
-,-,-,-,-,-,-,II_ARM_M_PSY_GAUNTLET06,149,1,1,-
-,-,-,-,-,-,-,II_ARM_M_ELE_GAUNTLET06,149,1,1,-
-,-,-,-,-,-,-,II_ARM_F_PSY_GAUNTLET06,149,1,1,-
-,-,-,-,-,-,-,II_ARM_F_ELE_GAUNTLET06,149,1,1,-
-,-,-,-,-,-,-,II_ARM_M_KIN_SUIT06,149,1,1,-
-,-,-,-,-,-,-,II_ARM_M_BLA_SUIT06,149,1,1,-
-,-,-,-,-,-,-,II_ARM_F_KIN_SUIT06,149,1,1,-
-,-,-,-,-,-,-,II_ARM_F_BLA_SUIT06,149,1,1,-
-,-,-,-,-,-,-,II_ARM_M_JST_SUIT06,149,1,1,-
-,-,-,-,-,-,-,II_ARM_M_RAG_SUIT06,149,1,1,-
-,-,-,-,-,-,-,II_ARM_F_JST_SUIT06,149,1,1,-
-,-,-,-,-,-,-,II_ARM_F_RAG_SUIT06,149,1,1,-
-,-,-,-,-,-,-,II_ARM_M_RIN_SUIT06,149,1,1,-
-,-,-,-,-,-,-,II_ARM_M_BIL_SUIT06,149,1,1,-
-,-,-,-,-,-,-,II_ARM_F_RIN_SUIT06,149,1,1,-
-,-,-,-,-,-,-,II_ARM_F_BIL_SUIT06,149,1,1,-
-,-,-,-,-,-,-,II_ARM_M_PSY_SUIT06,149,1,1,-
-,-,-,-,-,-,-,II_ARM_M_ELE_SUIT06,149,1,1,-
-,-,-,-,-,-,-,II_ARM_F_PSY_SUIT06,149,1,1,-
-,-,-,-,-,-,-,II_ARM_F_ELE_SUIT06,149,1,1,-
-,-,-,-,-,-,-,II_ARM_ARM_SHI_ICICLE,149,1,1,-
-,-,-,-,-,-,-,II_ARM_ARM_SHI_HILEITINE,149,1,1,-
125,97,108,2010-03-03 10:00,3000-01-01 12:00,-,-,-,-,-,-,-
-,-,-,-,-,ARMOR,4,-,-,-,-,-
-,-,-,-,-,-,-,II_ARM_M_KIN_HELMET08,150,1,1,-
-,-,-,-,-,-,-,II_ARM_M_BLA_HELMET08,150,1,1,-
-,-,-,-,-,-,-,II_ARM_F_KIN_HELMET08,150,1,1,-
-,-,-,-,-,-,-,II_ARM_F_BLA_HELMET08,150,1,1,-
-,-,-,-,-,-,-,II_ARM_M_JST_HELMET08,150,1,1,-
-,-,-,-,-,-,-,II_ARM_M_RAG_HELMET08,150,1,1,-
-,-,-,-,-,-,-,II_ARM_F_JST_HELMET08,150,1,1,-
-,-,-,-,-,-,-,II_ARM_F_RAG_HELMET08,150,1,1,-
-,-,-,-,-,-,-,II_ARM_M_RIN_HELMET08,150,1,1,-
-,-,-,-,-,-,-,II_ARM_M_BIL_HELMET08,150,1,1,-
-,-,-,-,-,-,-,II_ARM_F_RIN_HELMET08,150,1,1,-
-,-,-,-,-,-,-,II_ARM_F_BIL_HELMET08,150,1,1,-
-,-,-,-,-,-,-,II_ARM_M_PSY_HELMET08,150,1,1,-
-,-,-,-,-,-,-,II_ARM_M_ELE_HELMET08,150,1,1,-
-,-,-,-,-,-,-,II_ARM_F_PSY_HELMET08,150,1,1,-
-,-,-,-,-,-,-,II_ARM_F_ELE_HELMET08,150,1,1,-
-,-,-,-,-,-,-,II_ARM_M_KIN_BOOTS08,150,1,1,-
-,-,-,-,-,-,-,II_ARM_M_BLA_BOOTS08,149,1,1,-
-,-,-,-,-,-,-,II_ARM_F_KIN_BOOTS08,149,1,1,-
-,-,-,-,-,-,-,II_ARM_F_BLA_BOOTS08,149,1,1,-
-,-,-,-,-,-,-,II_ARM_M_JST_BOOTS08,149,1,1,-
-,-,-,-,-,-,-,II_ARM_M_RAG_BOOTS08,149,1,1,-
-,-,-,-,-,-,-,II_ARM_F_JST_BOOTS08,149,1,1,-
-,-,-,-,-,-,-,II_ARM_F_RAG_BOOTS08,149,1,1,-
-,-,-,-,-,-,-,II_ARM_M_RIN_BOOTS08,149,1,1,-
-,-,-,-,-,-,-,II_ARM_M_BIL_BOOTS08,149,1,1,-
-,-,-,-,-,-,-,II_ARM_F_RIN_BOOTS08,149,1,1,-
-,-,-,-,-,-,-,II_ARM_F_BIL_BOOTS08,149,1,1,-
-,-,-,-,-,-,-,II_ARM_M_PSY_BOOTS08,149,1,1,-
-,-,-,-,-,-,-,II_ARM_M_ELE_BOOTS08,149,1,1,-
-,-,-,-,-,-,-,II_ARM_F_PSY_BOOTS08,149,1,1,-
-,-,-,-,-,-,-,II_ARM_F_ELE_BOOTS08,149,1,1,-
-,-,-,-,-,-,-,II_ARM_M_KIN_GAUNTLET08,149,1,1,-
-,-,-,-,-,-,-,II_ARM_M_BLA_GAUNTLET08,149,1,1,-
-,-,-,-,-,-,-,II_ARM_F_KIN_GAUNTLET08,149,1,1,-
-,-,-,-,-,-,-,II_ARM_F_BLA_GAUNTLET08,149,1,1,-
-,-,-,-,-,-,-,II_ARM_M_JST_GAUNTLET08,149,1,1,-
-,-,-,-,-,-,-,II_ARM_M_RAG_GAUNTLET08,149,1,1,-
-,-,-,-,-,-,-,II_ARM_F_JST_GAUNTLET08,149,1,1,-
-,-,-,-,-,-,-,II_ARM_F_RAG_GAUNTLET08,149,1,1,-
-,-,-,-,-,-,-,II_ARM_M_RIN_GAUNTLET08,149,1,1,-
-,-,-,-,-,-,-,II_ARM_M_BIL_GAUNTLET08,149,1,1,-
-,-,-,-,-,-,-,II_ARM_F_RIN_GAUNTLET08,149,1,1,-
-,-,-,-,-,-,-,II_ARM_F_BIL_GAUNTLET08,149,1,1,-
-,-,-,-,-,-,-,II_ARM_M_PSY_GAUNTLET08,149,1,1,-
-,-,-,-,-,-,-,II_ARM_M_ELE_GAUNTLET08,149,1,1,-
-,-,-,-,-,-,-,II_ARM_F_PSY_GAUNTLET08,149,1,1,-
-,-,-,-,-,-,-,II_ARM_F_ELE_GAUNTLET08,149,1,1,-
-,-,-,-,-,-,-,II_ARM_M_KIN_SUIT08,149,1,1,-
-,-,-,-,-,-,-,II_ARM_M_BLA_SUIT08,149,1,1,-
-,-,-,-,-,-,-,II_ARM_F_KIN_SUIT08,149,1,1,-
-,-,-,-,-,-,-,II_ARM_F_BLA_SUIT08,149,1,1,-
-,-,-,-,-,-,-,II_ARM_M_JST_SUIT08,149,1,1,-
-,-,-,-,-,-,-,II_ARM_M_RAG_SUIT08,149,1,1,-
-,-,-,-,-,-,-,II_ARM_F_JST_SUIT08,149,1,1,-
-,-,-,-,-,-,-,II_ARM_F_RAG_SUIT08,149,1,1,-
-,-,-,-,-,-,-,II_ARM_M_RIN_SUIT08,149,1,1,-
-,-,-,-,-,-,-,II_ARM_M_BIL_SUIT08,149,1,1,-
-,-,-,-,-,-,-,II_ARM_F_RIN_SUIT08,149,1,1,-
-,-,-,-,-,-,-,II_ARM_F_BIL_SUIT08,149,1,1,-
-,-,-,-,-,-,-,II_ARM_M_PSY_SUIT08,149,1,1,-
-,-,-,-,-,-,-,II_ARM_M_ELE_SUIT08,149,1,1,-
-,-,-,-,-,-,-,II_ARM_F_PSY_SUIT08,149,1,1,-
-,-,-,-,-,-,-,II_ARM_F_ELE_SUIT08,149,1,1,-
-,-,-,-,-,-,-,II_ARM_ARM_SHI_RUKENSHIA,149,1,1,-
-,-,-,-,-,-,-,II_ARM_M_KIN_HELMET06,149,1,1,-
-,-,-,-,-,-,-,II_ARM_ARM_SHI_COIEN,149,1,1,-
126,109,112,2010-03-03 10:00,3000-01-01 12:00,-,-,-,-,-,-,-
-,-,-,-,-,ARMOR,3,-,-,-,-,-
-,-,-,-,-,-,-,II_ARM_ARM_SHI_TOEFFIN,150,1,1,-
-,-,-,-,-,-,-,II_ARM_M_KIN_HELMET10,150,1,1,-
-,-,-,-,-,-,-,II_ARM_M_BLA_HELMET10,150,1,1,-
-,-,-,-,-,-,-,II_ARM_F_KIN_HELMET10,150,1,1,-
-,-,-,-,-,-,-,II_ARM_F_BLA_HELMET10,150,1,1,-
-,-,-,-,-,-,-,II_ARM_M_JST_HELMET10,150,1,1,-
-,-,-,-,-,-,-,II_ARM_M_RAG_HELMET10,150,1,1,-
-,-,-,-,-,-,-,II_ARM_F_JST_HELMET10,150,1,1,-
-,-,-,-,-,-,-,II_ARM_F_RAG_HELMET10,150,1,1,-
-,-,-,-,-,-,-,II_ARM_M_RIN_HELMET10,150,1,1,-
-,-,-,-,-,-,-,II_ARM_M_BIL_HELMET10,150,1,1,-
-,-,-,-,-,-,-,II_ARM_F_RIN_HELMET10,150,1,1,-
-,-,-,-,-,-,-,II_ARM_F_BIL_HELMET10,150,1,1,-
-,-,-,-,-,-,-,II_ARM_M_PSY_HELMET10,150,1,1,-
-,-,-,-,-,-,-,II_ARM_M_ELE_HELMET10,150,1,1,-
-,-,-,-,-,-,-,II_ARM_F_PSY_HELMET10,150,1,1,-
-,-,-,-,-,-,-,II_ARM_F_ELE_HELMET10,150,1,1,-
-,-,-,-,-,-,-,II_ARM_M_KIN_BOOTS10,149,1,1,-
-,-,-,-,-,-,-,II_ARM_M_BLA_BOOTS10,149,1,1,-
-,-,-,-,-,-,-,II_ARM_F_KIN_BOOTS10,149,1,1,-
-,-,-,-,-,-,-,II_ARM_F_BLA_BOOTS10,149,1,1,-
-,-,-,-,-,-,-,II_ARM_M_JST_BOOTS10,149,1,1,-
-,-,-,-,-,-,-,II_ARM_M_RAG_BOOTS10,149,1,1,-
-,-,-,-,-,-,-,II_ARM_F_JST_BOOTS10,149,1,1,-
-,-,-,-,-,-,-,II_ARM_F_RAG_BOOTS10,149,1,1,-
-,-,-,-,-,-,-,II_ARM_M_RIN_BOOTS10,149,1,1,-
-,-,-,-,-,-,-,II_ARM_M_BIL_BOOTS10,149,1,1,-
-,-,-,-,-,-,-,II_ARM_F_RIN_BOOTS10,149,1,1,-
-,-,-,-,-,-,-,II_ARM_F_BIL_BOOTS10,149,1,1,-
-,-,-,-,-,-,-,II_ARM_M_PSY_BOOTS10,149,1,1,-
-,-,-,-,-,-,-,II_ARM_M_ELE_BOOTS10,149,1,1,-
-,-,-,-,-,-,-,II_ARM_F_PSY_BOOTS10,149,1,1,-
-,-,-,-,-,-,-,II_ARM_F_ELE_BOOTS10,149,1,1,-
-,-,-,-,-,-,-,II_ARM_M_KIN_GAUNTLET10,149,1,1,-
-,-,-,-,-,-,-,II_ARM_M_BLA_GAUNTLET10,149,1,1,-
-,-,-,-,-,-,-,II_ARM_F_KIN_GAUNTLET10,149,1,1,-
-,-,-,-,-,-,-,II_ARM_F_BLA_GAUNTLET10,149,1,1,-
-,-,-,-,-,-,-,II_ARM_M_JST_GAUNTLET10,149,1,1,-
-,-,-,-,-,-,-,II_ARM_M_RAG_GAUNTLET10,149,1,1,-
-,-,-,-,-,-,-,II_ARM_F_JST_GAUNTLET10,149,1,1,-
-,-,-,-,-,-,-,II_ARM_F_RAG_GAUNTLET10,149,1,1,-
-,-,-,-,-,-,-,II_ARM_M_RIN_GAUNTLET10,149,1,1,-
-,-,-,-,-,-,-,II_ARM_M_BIL_GAUNTLET10,149,1,1,-
-,-,-,-,-,-,-,II_ARM_F_RIN_GAUNTLET10,149,1,1,-
-,-,-,-,-,-,-,II_ARM_F_BIL_GAUNTLET10,149,1,1,-
-,-,-,-,-,-,-,II_ARM_M_PSY_GAUNTLET10,149,1,1,-
-,-,-,-,-,-,-,II_ARM_M_ELE_GAUNTLET10,149,1,1,-
-,-,-,-,-,-,-,II_ARM_F_PSY_GAUNTLET10,149,1,1,-
-,-,-,-,-,-,-,II_ARM_F_ELE_GAUNTLET10,149,1,1,-
-,-,-,-,-,-,-,II_ARM_M_KIN_SUIT10,149,1,1,-
-,-,-,-,-,-,-,II_ARM_M_BLA_SUIT10,149,1,1,-
-,-,-,-,-,-,-,II_ARM_F_KIN_SUIT10,149,1,1,-
-,-,-,-,-,-,-,II_ARM_F_BLA_SUIT10,149,1,1,-
-,-,-,-,-,-,-,II_ARM_M_JST_SUIT10,149,1,1,-
-,-,-,-,-,-,-,II_ARM_M_RAG_SUIT10,149,1,1,-
-,-,-,-,-,-,-,II_ARM_F_JST_SUIT10,149,1,1,-
-,-,-,-,-,-,-,II_ARM_F_RAG_SUIT10,149,1,1,-
-,-,-,-,-,-,-,II_ARM_M_RIN_SUIT10,149,1,1,-
-,-,-,-,-,-,-,II_ARM_M_BIL_SUIT10,149,1,1,-
-,-,-,-,-,-,-,II_ARM_F_RIN_SUIT10,149,1,1,-
-,-,-,-,-,-,-,II_ARM_F_BIL_SUIT10,149,1,1,-
-,-,-,-,-,-,-,II_ARM_M_PSY_SUIT10,149,1,1,-
-,-,-,-,-,-,-,II_ARM_M_ELE_SUIT10,149,1,1,-
-,-,-,-,-,-,-,II_ARM_F_PSY_SUIT10,149,1,1,-
-,-,-,-,-,-,-,II_ARM_F_ELE_SUIT10,149,1,1,-
-,-,-,-,-,-,-,II_ARM_ARM_SHI_RUKENSHIA,149,1,1,-
-,-,-,-,-,-,-,II_ARM_ARM_SHI_TOEFFIN,149,1,1,-
127,113,160,2010-03-03 10:00,3000-01-01 12:00,-,-,-,-,-,-,-
-,-,-,-,-,ARMOR,2,-,-,-,-,-
-,-,-,-,-,-,-,II_ARM_ARM_SHI_TOEFFIN,145,1,1,-
-,-,-,-,-,-,-,II_ARM_M_KIN_HELMET10,145,1,1,-
-,-,-,-,-,-,-,II_ARM_M_BLA_HELMET10,145,1,1,-
-,-,-,-,-,-,-,II_ARM_F_KIN_HELMET10,145,1,1,-
-,-,-,-,-,-,-,II_ARM_F_BLA_HELMET10,145,1,1,-
-,-,-,-,-,-,-,II_ARM_M_JST_HELMET10,145,1,1,-
-,-,-,-,-,-,-,II_ARM_M_RAG_HELMET10,145,1,1,-
-,-,-,-,-,-,-,II_ARM_F_JST_HELMET10,145,1,1,-
-,-,-,-,-,-,-,II_ARM_F_RAG_HELMET10,145,1,1,-
-,-,-,-,-,-,-,II_ARM_M_RIN_HELMET10,145,1,1,-
-,-,-,-,-,-,-,II_ARM_M_BIL_HELMET10,145,1,1,-
-,-,-,-,-,-,-,II_ARM_F_RIN_HELMET10,145,1,1,-
-,-,-,-,-,-,-,II_ARM_F_BIL_HELMET10,145,1,1,-
-,-,-,-,-,-,-,II_ARM_M_PSY_HELMET10,145,1,1,-
-,-,-,-,-,-,-,II_ARM_M_ELE_HELMET10,145,1,1,-
-,-,-,-,-,-,-,II_ARM_F_PSY_HELMET10,145,1,1,-
-,-,-,-,-,-,-,II_ARM_F_ELE_HELMET10,145,1,1,-
-,-,-,-,-,-,-,II_ARM_M_KIN_BOOTS10,145,1,1,-
-,-,-,-,-,-,-,II_ARM_M_BLA_BOOTS10,145,1,1,-
-,-,-,-,-,-,-,II_ARM_F_KIN_BOOTS10,145,1,1,-
-,-,-,-,-,-,-,II_ARM_F_BLA_BOOTS10,145,1,1,-
-,-,-,-,-,-,-,II_ARM_M_JST_BOOTS10,145,1,1,-
-,-,-,-,-,-,-,II_ARM_M_RAG_BOOTS10,145,1,1,-
-,-,-,-,-,-,-,II_ARM_F_JST_BOOTS10,145,1,1,-
-,-,-,-,-,-,-,II_ARM_F_RAG_BOOTS10,145,1,1,-
-,-,-,-,-,-,-,II_ARM_M_RIN_BOOTS10,145,1,1,-
-,-,-,-,-,-,-,II_ARM_M_BIL_BOOTS10,145,1,1,-
-,-,-,-,-,-,-,II_ARM_F_RIN_BOOTS10,145,1,1,-
-,-,-,-,-,-,-,II_ARM_F_BIL_BOOTS10,145,1,1,-
-,-,-,-,-,-,-,II_ARM_M_PSY_BOOTS10,145,1,1,-
-,-,-,-,-,-,-,II_ARM_M_ELE_BOOTS10,145,1,1,-
-,-,-,-,-,-,-,II_ARM_F_PSY_BOOTS10,145,1,1,-
-,-,-,-,-,-,-,II_ARM_F_ELE_BOOTS10,145,1,1,-
-,-,-,-,-,-,-,II_ARM_M_KIN_GAUNTLET10,145,1,1,-
-,-,-,-,-,-,-,II_ARM_M_BLA_GAUNTLET10,145,1,1,-
-,-,-,-,-,-,-,II_ARM_F_KIN_GAUNTLET10,145,1,1,-
-,-,-,-,-,-,-,II_ARM_F_BLA_GAUNTLET10,145,1,1,-
-,-,-,-,-,-,-,II_ARM_M_JST_GAUNTLET10,145,1,1,-
-,-,-,-,-,-,-,II_ARM_M_RAG_GAUNTLET10,145,1,1,-
-,-,-,-,-,-,-,II_ARM_F_JST_GAUNTLET10,145,1,1,-
-,-,-,-,-,-,-,II_ARM_F_RAG_GAUNTLET10,145,1,1,-
-,-,-,-,-,-,-,II_ARM_M_RIN_GAUNTLET10,145,1,1,-
-,-,-,-,-,-,-,II_ARM_M_BIL_GAUNTLET10,145,1,1,-
-,-,-,-,-,-,-,II_ARM_F_RIN_GAUNTLET10,145,1,1,-
-,-,-,-,-,-,-,II_ARM_F_BIL_GAUNTLET10,145,1,1,-
-,-,-,-,-,-,-,II_ARM_M_PSY_GAUNTLET10,145,1,1,-
-,-,-,-,-,-,-,II_ARM_M_ELE_GAUNTLET10,145,1,1,-
-,-,-,-,-,-,-,II_ARM_F_PSY_GAUNTLET10,145,1,1,-
-,-,-,-,-,-,-,II_ARM_F_ELE_GAUNTLET10,145,1,1,-
-,-,-,-,-,-,-,II_ARM_M_KIN_SUIT10,145,1,1,-
-,-,-,-,-,-,-,II_ARM_M_BLA_SUIT10,145,1,1,-
-,-,-,-,-,-,-,II_ARM_F_KIN_SUIT10,145,1,1,-
-,-,-,-,-,-,-,II_ARM_F_BLA_SUIT10,145,1,1,-
-,-,-,-,-,-,-,II_ARM_M_JST_SUIT10,145,1,1,-
-,-,-,-,-,-,-,II_ARM_M_RAG_SUIT10,145,1,1,-
-,-,-,-,-,-,-,II_ARM_F_JST_SUIT10,145,1,1,-
-,-,-,-,-,-,-,II_ARM_F_RAG_SUIT10,145,1,1,-
-,-,-,-,-,-,-,II_ARM_M_RIN_SUIT10,145,1,1,-
-,-,-,-,-,-,-,II_ARM_M_BIL_SUIT10,145,1,1,-
-,-,-,-,-,-,-,II_ARM_F_RIN_SUIT10,145,1,1,-
-,-,-,-,-,-,-,II_ARM_F_BIL_SUIT10,145,1,1,-
-,-,-,-,-,-,-,II_ARM_M_PSY_SUIT10,145,1,1,-
-,-,-,-,-,-,-,II_ARM_M_ELE_SUIT10,145,1,1,-
-,-,-,-,-,-,-,II_ARM_F_PSY_SUIT10,145,1,1,-
-,-,-,-,-,-,-,II_ARM_F_ELE_SUIT10,144,1,1,-
-,-,-,-,-,-,-,II_ARM_ARM_SHI_RUKENSHIA,144,1,1,-
-,-,-,-,-,-,-,II_ARM_ARM_SHI_TOEFFIN,144,1,1,-
-,-,-,-,-,-,-,II_ARM_M_KIN_HELMET10,144,1,1,-
-,-,-,-,-,-,-,II_ARM_ARM_SHI_CATEPO,144,1,1,-
128,70,84,2010-03-03 10:00,3000-01-01 12:00,-,-,-,-,-,-,-
-,-,-,-,-,RARE,4,-,-,-,-,-
-,-,-,-,-,-,-,II_WEA_SWO_SUHO,10,1,1,-
-,-,-,-,-,-,-,II_WEA_SWT_SUHO,10,1,1,-
-,-,-,-,-,-,-,II_WEA_AXE_SUHO,10,1,1,-
-,-,-,-,-,-,-,II_WEA_AXT_SUHO,10,1,1,-
-,-,-,-,-,-,-,II_WEA_KNU_SUHO,10,1,1,-
-,-,-,-,-,-,-,II_WEA_CHE_SUHO,10,1,1,-
-,-,-,-,-,-,-,II_WEA_WAN_SUHO,10,1,1,-
-,-,-,-,-,-,-,II_WEA_STA_SUHO,10,1,1,-
-,-,-,-,-,-,-,II_WEA_BOW_SUHO,10,1,1,-
-,-,-,-,-,-,-,II_WEA_YOY_SUHO,10,1,1,-
-,-,-,-,-,-,-,II_GEN_MAT_ORICHALCUM01,9900,1,1,-
129,85,99,2010-03-03 10:00,3000-01-01 12:00,-,-,-,-,-,-,-
-,-,-,-,-,RARE,4,-,-,-,-,-
-,-,-,-,-,-,-,II_WEA_SWO_USU,10,1,1,-
-,-,-,-,-,-,-,II_WEA_SWT_USU,10,1,1,-
-,-,-,-,-,-,-,II_WEA_AXE_USU,10,1,1,-
-,-,-,-,-,-,-,II_WEA_AXT_USU,10,1,1,-
-,-,-,-,-,-,-,II_WEA_KNU_USU,10,1,1,-
-,-,-,-,-,-,-,II_WEA_CHE_USU,10,1,1,-
-,-,-,-,-,-,-,II_WEA_WAN_USU,10,1,1,-
-,-,-,-,-,-,-,II_WEA_STA_USU,10,1,1,-
-,-,-,-,-,-,-,II_WEA_BOW_USU,10,1,1,-
-,-,-,-,-,-,-,II_WEA_YOY_USU,10,1,1,-
-,-,-,-,-,-,-,II_GEN_MAT_ORICHALCUM01,9900,1,1,-
130,100,114,2010-03-03 10:00,3000-01-01 12:00,-,-,-,-,-,-,-
-,-,-,-,-,RARE,4,-,-,-,-,-
-,-,-,-,-,-,-,II_WEA_SWO_ANGEL,10,1,1,-
-,-,-,-,-,-,-,II_WEA_SWT_ANGEL,10,1,1,-
-,-,-,-,-,-,-,II_WEA_AXE_ANGEL,10,1,1,-
-,-,-,-,-,-,-,II_WEA_AXT_ANGEL,10,1,1,-
-,-,-,-,-,-,-,II_WEA_KNU_ANGEL,10,1,1,-
-,-,-,-,-,-,-,II_WEA_CHE_ANGEL,10,1,1,-
-,-,-,-,-,-,-,II_WEA_WAN_ANGEL,10,1,1,-
-,-,-,-,-,-,-,II_WEA_STA_ANGEL,10,1,1,-
-,-,-,-,-,-,-,II_WEA_BOW_ANGEL,10,1,1,-
-,-,-,-,-,-,-,II_WEA_YOY_ANGEL,10,1,1,-
-,-,-,-,-,-,-,II_GEN_MAT_ORICHALCUM01,9900,1,1,-
131,115,160,2010-03-03 10:00,3000-01-01 12:00,-,-,-,-,-,-,-
-,-,-,-,-,RARE,4,-,-,-,-,-
-,-,-,-,-,-,-,II_WEA_SWO_LEAGENDG,10,1,1,-
-,-,-,-,-,-,-,II_WEA_SWT_LEAGENDG,10,1,1,-
-,-,-,-,-,-,-,II_WEA_AXE_LEAGENDG,10,1,1,-
-,-,-,-,-,-,-,II_WEA_AXT_LEAGENDG,10,1,1,-
-,-,-,-,-,-,-,II_WEA_KNU_LEAGENDG,10,1,1,-
-,-,-,-,-,-,-,II_WEA_CHE_LEAGENDG,10,1,1,-
-,-,-,-,-,-,-,II_WEA_WAN_LEAGENDG,10,1,1,-
-,-,-,-,-,-,-,II_WEA_STA_LEAGENDG,10,1,1,-
-,-,-,-,-,-,-,II_WEA_BOW_LEAGENDG,10,1,1,-
-,-,-,-,-,-,-,II_WEA_YOY_LEAGENDG,10,1,1,-
-,-,-,-,-,-,-,II_GEN_MAT_ORICHALCUM01,9900,1,1,-
136,120,160,2010-03-03 10:00,3000-01-01 12:00,-,-,-,-,-,-,-
-,-,-,-,-,ETC,20,-,-,-,-,-
-,-,-,-,-,-,-,II_GEN_MAT_ELE_FLAMEORB,2000,1,1,-
-,-,-,-,-,-,-,II_GEN_MAT_ELE_DESERTORB,2000,1,1,-
-,-,-,-,-,-,-,II_GEN_MAT_ELE_GENERATERORB,2000,1,1,-
-,-,-,-,-,-,-,II_GEN_MAT_ELE_RIVERORB,2000,1,1,-
-,-,-,-,-,-,-,II_GEN_MAT_ELE_CYCLONEORB,2000,1,1,-
137,60,160,2010-03-03 10:00,3000-01-01 12:00,-,-,-,-,-,-,-
-,-,-,-,-,ETC,80,-,-,-,-,-
-,-,-,-,-,-,-,II_GEN_GEM_GEM_FLYFFPIECE_F,1000,1,3,-
-,-,-,-,-,-,-,II_GEN_GEM_GEM_FLYFFPIECE_L,1500,1,3,-
-,-,-,-,-,-,-,II_GEN_GEM_GEM_FLYFFPIECE_Y,1500,1,3,-
-,-,-,-,-,-,-,II_GEN_GEM_GEM_FLYFFPIECE_O,1500,1,3,-
-,-,-,-,-,-,-,II_GEN_GEM_GEM_FLYFFPIECE_R,1500,1,3,-
-,-,-,-,-,-,-,II_GEN_GEM_GEM_FLYFFPIECE_U,1500,1,3,-
-,-,-,-,-,-,-,II_GEN_GEM_GEM_FLYFFPIECE_N,1500,1,3,-
